title,company,location,salary_min,salary_max,description,created,search_title,skills_found,salary_range,skill_count,has_salary
"Data Analyst Ii, Rm - Amer",Criteo,"Gurgaon, Haryana",,,"This job is with Criteo, an inclusive employer and a member of myGwork – the largest global platform for the LGBTQ business community. Please do not contact the recruiter directly. What You'll Do: Criteo is in search of a passionate, highly motivated Data Analyst to join our Analytics team. You will turn business requests into data problems and tackle them in a scalable and efficient way, working together with analyst teams across Criteo locations. Aside from solving business challenges, this p…",2026-07-03T00:54:12Z,Data Analyst,,Not disclosed,0,False
Geospatial Physical Risk - Ai Data Operations Analyst,MSCI,"Mumbai, Maharashtra",,,"This job is with MSCI, an inclusive employer and a member of myGwork – the largest global platform for the LGBTQ business community. Please do not contact the recruiter directly. Your Team Responsibilities: The Geospatial Data Team manages collection operations, data quality, and best practices for Climate and ESG geospatial data. The team drives data acquisition, vendor coordination, QA engineering, process automation, and research enablement-serving as the operational backbone for MSCI's geos…",2026-07-03T00:54:15Z,Data Analyst,,Not disclosed,0,False
S&C Gn - Data&Ai - Resources - Analyst,Accenture,"Hyderabad, Telangana",,,"This job is with Accenture, an inclusive employer and a member of myGwork – the largest global platform for the LGBTQ business community. Please do not contact the recruiter directly. TBD Qualifications: TBD",2026-07-23T22:17:13Z,Data Analyst,,Not disclosed,0,False
Senior Rwe Research Analyst,Novartis,India,,,"This job is with Novartis, an inclusive employer and a member of myGwork – the largest global platform for the LGBTQ business community. Please do not contact the recruiter directly. Summary The Senior Real-World Evidence (RWE) Research Analyst is responsible for the scientific leadership and methodological oversight of observational database analytics and RWE projects. This role owns study design, protocol development, scientific interpretation, and stakeholder communication, working in close …",2026-07-21T19:42:54Z,Data Analyst,communication,Not disclosed,1,False
Senior Process Analyst - Celonis,Springer Nature,"Pune, Maharashtra",,,"This job is with Springer Nature, an inclusive employer and a member of myGwork – the largest global platform for the LGBTQ business community. Please do not contact the recruiter directly. Job Title: Senior Process Analyst (Celonis) Location(s): Pune Application Deadline: NA About Springer Nature Springer Nature is one of the leading publishers of research in the world. We publish the largest number of journals and books and are a pioneer in open research. Through our leading brands, trusted f…",2026-07-03T00:54:29Z,Data Analyst,,Not disclosed,0,False
Data Analyst,,"Thiruvananthapuram, Kerala",,,Immediate requirement for the post of Data Analyst on rotation Shift (Male or Female). Persons only willing to work in both shifts need to apply.careers.coretechgmail.comorplease contact 9.4.nine.6.8.1.5.6.3.0,2024-05-10T07:38:46Z,Data Analyst,,Not disclosed,0,False
Data Analyst,Scout Incorporation,India,2800000,3200000,"We're looking for Data Analysts (India)! Responsibilities: Proactively analyse data using statistical methods to answer key questions from stakeholders or out of self-initiated curiosity with an eye for what drives business performance, investigating and communicating areas for improvement in efficiency and productivity Create and maintain rich interactive visualizations through data interpretation and analysis integrating various reporting components from multiple data sources Data mining usin…",2026-07-28T06:50:55Z,Data Analyst,,"2,800,000 - 3,200,000",0,True
Data Analyst,SkySun,India,,,"Role Overview We are looking for a Data Analyst with strong expertise in Microsoft Excel who can efficiently work with large datasets, formulas, and analytical models. The ideal candidate should be able to transform raw data into meaningful insights , build efficient spreadsheets, and support business decisions through structured analysis and reporting. This role requires someone who is highly detail-oriented, analytical, and extremely efficient in Excel-based data handling. Key Responsibilitie…",2026-03-27T13:39:38Z,Data Analyst,excel,Not disclosed,1,False
Data Analyst,LRN Corporation,India,,,"Position: Data Analyst Location: Mumbai, India About LRN: LRN is the world’s leading dedicated ethics and compliance SaaS company, helping more than 30 million people every year navigate complex regional and global regulatory environments and build ethical, responsible cultures. With over 3,000 clients across the US, EMEA, APAC, and Latin America—including some of the world’s most respected and successful brands—we’re proud to be the long-term partner trusted to reduce organizational risk and d…",2026-04-09T01:03:12Z,Data Analyst,,Not disclosed,0,False
Data Analyst,Cloudester Software LLP,"Sevasi, Vadodara",,,"We are looking for a Data Analyst with 2–3 years of experience for a 3-month contract . You will be responsible for extracting web data, organizing it in Excel, and communicating findings clearly to our team. Role Details Duration: 3 Months Experience Required: 2–3 years Location: Vadodara Key Responsibilities Extract data from various websites using web scraping tools. Clean, organize, and analyze the collected datasets. Write database queries to pull and manage information. Present data findi…",2026-07-09T02:21:15Z,Data Analyst,excel,Not disclosed,1,False
Data Analyst,Rentomojo,"Bangalore, Karnataka",600000,900000,"About the Role Data Analyst 2 to 5 years Full Time We are hiring a sharp, analytically rigorous Data Analyst who thrives at the intersection of data engineering, automation, and business storytelling. This is not a pure reporting role. You will architect automated data pipelines, build scalable reporting workflows, and bring a growth marketing mindset to every analysis. If you love turning messy data into clear decisions, this is your seat. Key Responsibilities SQL and Data Infrastructure Desig…",2026-06-11T06:21:45Z,Data Analyst,sql,"600,000 - 900,000",1,True
Data Analyst,Weekday AI,India,,,"This role is for one of Weekday’s clients Min Experience: 1 years Location: Nagpur JobType: full-time We're looking for a Data Analyst who is adaptable, quick to learn, and comfortable working across multiple projects and business functions. Unlike a dedicated role tied to one domain, this position will rotate/support across different projects as business priorities shift, making it ideal for someone who's curious, eager to build breadth, and thrives in a dynamic environment. Requirements Key R…",2026-07-10T15:19:19Z,Data Analyst,,Not disclosed,0,False
Data Analyst,Ubisoft,"Pune, Maharashtra",,,"Job Description Impact - Enable data-driven decisions for leaders for LiveOps events, feature launches, and content updates through dashboards by defining datasets. Track KPIs including and not limited upto - Daily Active Users (DAU), Retention Rate, Churn Rate, ARPU (Average Revenue Per User), and session metrics. Make daily / weekly/monthly reports on player behavior, performance accuracy, engagement, and monetization / revenue trends to improve visibility. Proactively identify patterns, anom…",2026-07-16T06:56:15Z,Data Analyst,,Not disclosed,0,False
Data Analyst,Proof of Skill,"Andheri, Mumbai",1200000,1200000,"Analyzing hiring and candidate data to improve decision-making, shortlisting, and overall system efficiency. Skills: Logical/analytical thinking, Excel/Google Sheets, basic SQL, data interpretation, data visualization, attention to detail. Responsibilities: Analyze candidate and hiring data, build dashboards and reports, improve shortlisting/scoring systems, track hiring funnel metrics, work with ops/product teams, ensure data accuracy. This is a remote position.",2026-07-03T06:18:29Z,Data Analyst,"sql, excel, data visualization","1,200,000 - 1,200,000",3,True
Data Analyst,Sia,"Mumbai, Maharashtra",,,"Job Description We are hiring a Power BI Developer to support our global internal teams (Finance, HR, Strategy, Corporate Functions) by delivering high-impact business intelligence dashboards, datasets, and analytics solutions. This role is critical for strengthening our internal reporting systems and driving data-backed decision-making across the organization. Key Responsibilities Design, maintain, and enhance internal Power BI dashboards and analytics for Corporate Finance and other functions…",2026-07-24T01:04:13Z,Data Analyst,power bi,Not disclosed,1,False
Data Analyst,Digital Twin,"Pune, Maharashtra",,,"Job Summary - Data Analyst We are looking to hire a data analyst to join our enterprise customer solutions team. As a Data Analyst, one will take responsibility for developing reports, and troubleshooting data issues. To do well in this role you need attention to detail, past experience as a data analyst, and a deep understanding of the popular data analysis tools and databases. Data Analyst Responsibilities: ● Commissioning and decommissioning of data sets. ● Processing confidential data and i…",2026-05-21T02:12:34Z,Data Analyst,,Not disclosed,0,False
Data Analyst,SveltetechTechnologies Pvt Ltd,"Delhi, India",,300000,"Data Analyst Job Duties Data analyst responsibilities include conducting full lifecycle analysis to include requirements, activities and design. Data analysts will develop analysis and reporting capabilities. They will also monitor performance and quality control plans to identify improvements. Responsibilities Interpret data, analyze results using statistical techniques and provide ongoing reports Develop and implement databases, data collection systems, data analytics and other strategies tha…",2021-02-15T04:27:43Z,Data Analyst,,Not disclosed,0,False
Data Analyst,Qrata,"Delhi, India",1000000,1200000,"Job Title: Data Analyst Job Brief: The successful candidate will turn data into information, information into insight and insight into business decisions. Data Analyst Job Duties Data analyst responsibilities include conducting full lifecycle analysis to include requirements, activities and design. Data analysts will develop analysis and reporting capabilities. They will also monitor performance and quality control plans to identify improvements. About Us We began in 2015 with an entrepreneuria…",2024-01-07T15:08:07Z,Data Analyst,,"1,000,000 - 1,200,000",0,True
Data Analyst,Amicus Therapeutics,"Bangalore, Karnataka",,,"Position Description Data Analyst Location: Remote/Bangalore Amicus Therapeutics is a global, patient-dedicated biotechnology company focused on discovering, developing and delivering high-quality medicines for people living with rare metabolic diseases. Position Summary Data analyst responsibilities include conducting full lifecycle analysis to include requirements, activities and design. Data analysts will develop analysis and reporting capabilities. They will also monitor performance and qua…",2025-04-16T01:41:37Z,Data Analyst,,Not disclosed,0,False
Data Analyst,Amicus India,"Bangalore, Karnataka",,,"Data Analyst Location: Remote/Bangalore Amicus Therapeutics is a global, patient-dedicated biotechnology company focused on discovering, developing, and delivering high-quality medicines for people living with rare metabolic diseases. Position Summary Data analyst responsibilities include conducting full lifecycle analysis to include requirements, activities and design. Data analysts will develop analysis and reporting capabilities. They will also monitor performance and quality control plans t…",2026-05-30T02:27:15Z,Data Analyst,,Not disclosed,0,False
Data Analyst,Aliqan Services,"Chennai, Tamil Nadu",,,"Data Analyst (6 years) Insurance domain for 3-4 Years Proficiency in data querying, reporting, and visualization tools Role: Other Industry Type: Insurance Department: Other Employment Type: Full Time, Permanent Role Category: Other Education UG: B.Tech/B.E. in Any Specialization Skills: Data Visualization, data reporting, Data Analyst Experience: 6.00-10.00 Years",2026-07-10T07:19:30Z,Data Analyst,data visualization,Not disclosed,1,False
Data Analyst,Leading Client,"Hyderabad, Telangana",,,"Job Description Role Overview: We are looking for an experienced Data Business Analyst with strong exposure to Snowflake and Databricks who can work closely with business stakeholders and analytics teams.Job Title: Data Business Analyst Key Skills & Experience: 5 years of experience as a Business Analyst / Data Business Analyst Strong hands-on experience with Snowflake and Databricks Advanced SQL skills for data analysis and validation Experience with data pipelines, ETL processes , and data qu…",2026-05-12T05:45:42Z,Data Analyst,sql,Not disclosed,1,False
Data Analyst,InTouch CX,"Hyderabad, Telangana",,,"About the Job We are looking for a Data Analyst who is a self-starter with the ability to work in a fast-paced, performance driven environment. The incumbent will be responsible for the analysis and reporting of operational related data in an on-going effort to increase visibility for program performance. As Data Analyst, You Will… Collect, analyze, evaluate and report data in order to increase visibility into performance for all lines of business within 24-7 Intouch Complete projects and ad-ho…",2026-01-16T00:31:50Z,Data Analyst,,Not disclosed,0,False
Data Analyst,Careernet,India,,,"Job Description Key Skills: Data Analyst, Data Analysis, Python, Product Owner, SQL Roles and Responsibilities: Analyze and interpret complex datasets related to marketing performance and customer engagement. Collaborate with Product Owners to understand business objectives and translate them into data-driven insights. Use Python and ANSI-SQL for data extraction, manipulation, and advanced analysis. Merge data from multiple source systems while ensuring data accuracy and consistency. Clean, tra…",2026-04-05T03:36:04Z,Data Analyst,"python, sql",Not disclosed,2,False
Data Analyst,RECEX,"Kolkata, West Bengal",,,"Job Description: Job Title: Data Analyst Job Description: We are looking for a skilled Data Analyst to collect, analyze, and interpret large datasets to help drive business decisions. The ideal candidate will have strong analytical skills, attention to detail, and experience with data visualization tools. Key Responsibilities: Analyze data to identify trends and insights. Create dashboards and reports for internal stakeholders. Collaborate with teams to understand data needs. Ensure data accura…",2026-05-14T02:27:02Z,Data Analyst,data visualization,Not disclosed,1,False
Data Analyst,Fatakpay,India,800000,1500000,"Job Title : Data Analyst-Fintech Job Description : We are seeking a highly motivated and detail-oriented Data Analyst with 2 to 4 years of work experience to join our team. The ideal candidate will have a strong analytical mindset, excellent problem-solving skills, and a passion for transforming data into actionable insights. In this role, you will play a pivotal role in gathering, analyzing, and interpreting data to support informed decision-making and drive business growth. Key Responsibiliti…",2024-12-07T13:03:54Z,Data Analyst,excel,"800,000 - 1,500,000",1,True
Data Analyst,Cars24,"Pune, Maharashtra",,,"Job Description: We are seeking a talented and motivated Data Analyst to join our team. The ideal candidate will have a passion for data, a strong analytical mindset, and the ability to derive insights that drive business decisions. As a Data Analyst, you will be responsible for collecting, analyzing, and interpreting large datasets to provide actionable insights to various stakeholders across the organization. Key Responsibilities: Data Collection and Cleaning: Collect and clean data from vari…",2026-07-02T07:16:47Z,Data Analyst,,Not disclosed,0,False
Data Analyst,Connect Pro Srl,"Ajmer, Rajasthan",,,"Posizione - Data Analyst Lavora con noi Data Analyst Id Richiesta: 1002 Sede: Milano Data Analyst È responsabile della raccolta, analisi e interpretazione dei dati aziendali per guidare decisioni strategiche e migliorare le performance. Ha il compito di trasformare dati complessi in insight utili per il business, collaborando con diversi dipartimenti per ottimizzare le attività aziendali. Responsabilità Principali Raccolta e analisi dei dati da diverse fonti aziendali. Creazione di report e das…",2026-07-23T15:54:18Z,Data Analyst,,Not disclosed,0,False
Data Analyst,Cars24 Services Private Limited,"Pune, Maharashtra",,,"Job description Job Description: We are seeking a talented and motivated Data Analyst to join our team. The ideal candidate will have a passion for data, a strong analytical mindset, and the ability to derive insights that drive business decisions. As a Data Analyst, you will be responsible for collecting, analyzing, and interpreting large datasets to provide actionable insights to various stakeholders across the organization. Key Responsibilities: Data Collection and Cleaning: Collect and clea…",2026-06-11T06:50:59Z,Data Analyst,,Not disclosed,0,False
Data Analyst,RECEX,"Vasai, Thane",,,"Job Description: *]:pointer-events-auto R6Vx5W_threadScrollVars scroll-mb-[calc(var(scroll-root-safe-area-inset-bottom,0px)var(thread-response-height))] scroll-mt-[calc(var(header-height)min(200px,max(70px,20svh)))]"" data-scroll-anchor=""false"" data-testid=""conversation-turn-2"" data-turn=""assistant"" data-turn-id=""request-WEB:a09f2817-6254-4ccc-9fb6-39e39dbcb8e3-0"" data-turn-id-container=""request-WEB:a09f2817-6254-4ccc-9fb6-39e39dbcb8e3-0"" dir=""auto""> Job Description – Data Analyst Position: Data…",2026-05-27T02:25:11Z,Data Analyst,,Not disclosed,0,False
Data Analyst,Malaysian Global Innovation and Creativity Centre,India,500000,1000000,"MaGIC Technology and Product team is looking for a data analyst to help expand and improve data on startups, investors, and founders in the ASEAN region. As part of the data team on our Startup Database product, you will assist in maintaining the accuracy of information on startups and investors, and continuously update our repository with latest publicly available data on the same. The job offers a high degree of autonomy and will also see you playing a leading role in the analysis of the data…",2019-06-05T21:12:29Z,Data Analyst,,"500,000 - 1,000,000",0,True
Data Analyst,Navrang HR Solutions,"Surat, Gujarat",,,"Job Description: Key Responsibilities  Assist in extracting, cleaning, and analyzing datasets using SQL and Python.  Develop and maintain dashboards and reports using Power BI, Looker Studio, or other BI tools.  Support the team in data validation, quality checks, and troubleshooting.  Collaborate with senior data analysts and business teams to understand requirements and deliver insights.  Perform exploratory data analysis (EDA) to identify trends, patterns, and anomalies.  Automate recu…",2026-05-13T01:59:29Z,Data Analyst,"python, sql, power bi",Not disclosed,3,False
Data Analyst,In Touch,"Hyderabad, Telangana",,,"About the Job Join us in transforming the perception of customer service! We are seeking a dedicated Data Analyst to analyze and report on operational data, enhancing program performance visibility. This role is vital in contributing to various projects and performing ad-hoc analyses, providing timely insights that support strategic decision-making. If you are passionate about data and eager to make a significant impact, we invite you to apply! As Data Analyst, You Will… Collect and organize la…",2026-01-16T00:45:45Z,Data Analyst,,Not disclosed,0,False
Data Analyst,Techwave Consulting India Private,India,,,"Techwave , we are always in an exercise to foster a culture of growth, and inclusivity. We ensure whoever is associated with the brand is being challenged at every step and is provided with all the necessary opportunities to excel in life. People are at the core of everything we do. Who are we? Techwave is a leading global IT and engineering services and solutions company revolutionizing digital transformations. We believe in enabling clients to maximize the potential and achieve a greater mark…",2026-05-10T02:24:12Z,Data Analyst,excel,Not disclosed,1,False
Data Analyst,Namaste Credit,"Bangalore, Karnataka",500000,1000000,"About the Role The following Job Specification is intended to reflect the nature, range and context of the work. It identifies the main requirements of the job but is not an exhaustive list of duties. The Data Analyst role is a vital role as to be a sole point of contact responsible for closely working with various teams internally and closely working with the CTO. This role typically requires the resource to analyse the vast number of datasets and provide a meaningful impact and the result of …",2020-09-19T01:45:32Z,Data Analyst,,"500,000 - 1,000,000",0,True
Data Analyst,NAVVYASA CONSULTING PRIVATE LIMITED,India,,,"About the Role We are looking for a highly skilled Data Analyst or Data Scientist with strong expertise in Python and SQL to join our client’s team. The primary responsibility will be to automate data-driven workflows and processes based on detailed business steps provided by the Product and Business teams. The ideal candidate will bridge the gap between analytics, process understanding, and automation execution. Key Responsibilities ● Collaborate with the Business and Product teams to understa…",2025-11-20T00:58:08Z,Data Analyst,"python, sql",Not disclosed,2,False
Data Analyst,Reality Premedia Services Pvt Ltd,"Pune, Maharashtra",,800000,"We at Reality Premedia pvt ltd is looking for Data Analyst for Pune location. Must have experience in BFSC domain. Exp- Min 3yrs Location- Pune Mandatory Skills- Exp in powerBI/Tableau, SQL Basic Python Skills:- Tableau, PowerBI and Data Analytics",2021-09-29T05:01:45Z,Data Analyst,"python, sql, tableau",Not disclosed,3,False
Data Analyst,Emotions for Business,"Ajmer, Rajasthan",,,"Chi è il Data Analyst? È un professionista dotato delle competenze necessarie ad analizzare e aggregare i dati, al fine di studiare, ad esempio, l’andamento di un determinato prodotto e consentire, così, all’azienda di progettare i propri modelli di business in modo prospettico, con creazione di un vantaggio competitivo sul mercato. Il Data Analyst possiede competenze trasversali, che possono essere non solo tecniche ma anche statistiche, gestionali e di comunicazione. Tra le principali attivit…",2026-07-27T15:56:33Z,Data Analyst,,Not disclosed,0,False
Data Analyst,Intelliatx Therapeutics,"Bangalore, Karnataka",,,"Data Analyst – Job Decription Connecting people with each other and the right information is mission critical. Our Company develops innovative cloud-based technology to make it easier, more effective and more efficient to make the right connections. Our solutions put people in sync with each other and the right information, so they gain the insight needed to reach better decisions on the issues that matter most. We do it with a laser focus on reliability. The Company is a leading provider of te…",2025-11-19T22:19:09Z,Data Analyst,,Not disclosed,0,False
Data Analyst,Equitas Small Finance Bank,India,,,"A data analyst collects, cleans, and interprets complex datasets to help organizations make informed business decisions . Their core responsibilities include building data pipelines, creating visual dashboards, and translating statistical findings into actionable, non-technical insights for leadership and cross-functional teams. [ 1 , 2 , 3 , 4 ]",2026-07-27T03:27:47Z,Data Analyst,,Not disclosed,0,False
Data Analyst,RegisterKaro,India,400000,1000000,"Job Description: Data Analyst Position: Data Analyst Location: Gurgaon Experience Level: 1-3 Years Employment Type: Full-Time Role Overview We are looking for a results-driven Data Analyst to join our team and support business decision-making through data insights and analytics. The ideal candidate will be highly proficient in Python, skilled in data visualization tools, and experienced in solving complex problems to drive measurable business outcomes such as revenue growth or cost reduction. K…",2025-01-01T11:53:10Z,Data Analyst,"python, data visualization","400,000 - 1,000,000",2,True
Data Analyst,Indium Software,India,250000,800000,"The Data Analyst in the CoE will provide end to end solution development, working in conjunction with the Domain Leads and Technology Partners. He is responsible for the delivery of solutions and solution changes which are driven by the business requirements as well as providing technical and development capabilities. Knowledge Skills:- Apache Synapse, SQL, SAP MDG ( Master Data Governance), Python and Data Analytics",2021-06-12T12:42:07Z,Data Analyst,"python, sql","250,000 - 800,000",2,True
Data Analyst,Sagility,India,,,"Sagility combines industry-leading technology and transformation-driven BPM services with decades of healthcare domain expertise to help clients draw closer to their members. The company optimizes the entire member/patient experience through service offerings for clinical, case management, member engagement, provider solutions, payment integrity, claims cost containment, and analytics. Sagility has more than 25,000 employees across 5 countries. ""To conduct data analysis, provide insights, and c…",2025-12-07T22:44:33Z,Data Analyst,,Not disclosed,0,False
Data Analyst,Virtusa,India,,,"Data Analyst (DA) This job description outlines a Data Analyst position at Virtusa in Hyderabad, operating under a full-time, in-office model. The role is critical for enabling efficient delivery across Deal Operations and QA functions by tracking, analyzing, and forecasting workforce and operational metrics. Core Responsibilities and Deliverables The position covers three primary operational areas Workforce Planning & Scheduling You will forecast volume trends, manage shift rosters, track capa…",2026-07-18T03:19:03Z,Data Analyst,,Not disclosed,0,False
Data Analyst,Ecolab,India,,,"At Ecolab, you can help take on some of the world’s most meaningful challenges, delivering critical insights and innovative solutions to help our customers achieve clean water, safe food, abundant energy and healthy environments. With our worldwide reach and ambitious growth plans, you will have the opportunity to own your future and impact what matters. Are you ready to make an impact? Ecolab is searching for a driven Data Analyst for our Enterprise Growth Operations Team in Pune, India . The …",2026-07-09T03:05:51Z,Data Analyst,,Not disclosed,0,False
Data Analyst,EWU,"Coimbatore, Tamil Nadu",400000,700000,"We’re seeking a detail-oriented Data Analyst with proven experience in corporate settings to transform raw data into actionable insights. You’ll collaborate across departments to support strategic decision-making, optimize operations, and enhance business performance through data-driven analysis. Skills:- PowerBI, Tableau, Data Analytics, Dashboard, MS-Office, Data Visualization and Advanced analytics",2025-08-04T05:33:07Z,Data Analyst,"tableau, data visualization","400,000 - 700,000",2,True
Business Analyst,Accenture,"Kolkata, West Bengal",,,"This job is with Accenture, an inclusive employer and a member of myGwork – the largest global platform for the LGBTQ business community. Please do not contact the recruiter directly. Project Role : Business Analyst Project Role Description : Analyze an organization and design its processes and systems, assessing the business model and its integration with technology. Assess current state, identify customer requirements, and define the future state and/or business solution. Research, gather and…",2026-07-23T22:17:08Z,Business Analyst,,Not disclosed,0,False
Senior Business Analyst,Invesco,"Hyderabad, Telangana",,,"This job is with Invesco, an inclusive employer and a member of myGwork – the largest global platform for the LGBTQ business community. Please do not contact the recruiter directly. As one of the world's leading independent global investment firms, Invesco is dedicated to rethinking possibilities for our clients. By delivering the combined power of our distinctive investment management capabilities, we provide a wide range of investment strategies and vehicles to our clients around the world. I…",2026-07-03T00:54:16Z,Business Analyst,,Not disclosed,0,False
Senior Business Analyst,Springer Nature,"Pune, Maharashtra",,,"This job is with Springer Nature, an inclusive employer and a member of myGwork – the largest global platform for the LGBTQ business community. Please do not contact the recruiter directly. Job Title: Senior Business Analyst Location: Pune, India We are looking for a talented and passionate Senior Business Analyst to join our Researcher Communications team in SN Digital (SND), a technology division of Springer Nature. The team supports researchers in discovering relevant content, identifying op…",2026-07-12T06:10:43Z,Business Analyst,communication,Not disclosed,1,False
Hr Tools Business Analyst,ABB,"Bangalore, Karnataka",,,"This job is with ABB, an inclusive employer and a member of myGwork – the largest global platform for the LGBTQ business community. Please do not contact the recruiter directly. At ABB, we help industries outrun - leaner and cleaner. Here, progress is an expectation - for you, your team, and the world. As a global market leader, we’ll give you what you need to make it happen. It won’t always be easy, growing takes grit. But at ABB, you’ll never run alone. Run what runs the world. This role sits…",2026-07-15T14:16:19Z,Business Analyst,,Not disclosed,0,False
Sr. Business Analyst - Change Management,Invesco,"Hyderabad, Telangana",,,"This job is with Invesco, an inclusive employer and a member of myGwork – the largest global platform for the LGBTQ business community. Please do not contact the recruiter directly. As one of the world's leading independent global investment firms, Invesco is dedicated to rethinking possibilities for our clients. By delivering the combined power of our distinctive investment management capabilities, we provide a wide range of investment strategies and vehicles to our clients around the world. I…",2026-07-21T19:43:06Z,Business Analyst,,Not disclosed,0,False
"Specialist, Business Analyst – Content Workflow & Platform Enablement (Adobe Workfront)",MSD,"Hyderabad, Telangana",,,"This job is with MSD, an inclusive employer and a member of myGwork – the largest global platform for the LGBTQ business community. Please do not contact the recruiter directly. Job Description Specialist, Business Analyst - Content Workflow & Platform Enablement (Adobe Workfront) The Opportunity Based in Hyderabad, join a global healthcare biopharma company and be part of a 130- year legacy of success backed by ethical integrity, forward momentum, and an inspiring mission to achieve new milest…",2026-07-03T00:54:28Z,Business Analyst,,Not disclosed,0,False
"Senior Specialist, Business Analyst – Adobe Experience Manager (Aem) & Martech",MSD,"Hyderabad, Telangana",,,"This job is with MSD, an inclusive employer and a member of myGwork – the largest global platform for the LGBTQ business community. Please do not contact the recruiter directly. Job Description Senior Specialist, Business Analyst - Adobe Experience Manager (AEM) & Martech The Opportunity Based in Hyderabad, join a global healthcare biopharma company and be part of a 130- year legacy of success backed by ethical integrity, forward momentum, and an inspiring mission to achieve new milestones in g…",2026-07-03T00:54:21Z,Business Analyst,,Not disclosed,0,False
"Specialist, Business Analyst – Content Review Automation (Ai-Enabled Mlr / Content Catalyst)",MSD,"Hyderabad, Telangana",,,"This job is with MSD, an inclusive employer and a member of myGwork – the largest global platform for the LGBTQ business community. Please do not contact the recruiter directly. Job Description Specialist, Business Analyst - Content Review Automation (AI-enabled MLR / Content Catalyst) The Opportunity Based in Hyderabad, join a global healthcare biopharma company and be part of a 130- year legacy of success backed by ethical integrity, forward momentum, and an inspiring mission to achieve new m…",2026-07-03T00:54:29Z,Business Analyst,,Not disclosed,0,False
Business Interlock Senior Analyst,Accenture,"Bangalore, Karnataka",,,"This job is with Accenture, an inclusive employer and a member of myGwork – the largest global platform for the LGBTQ business community. Please do not contact the recruiter directly. Skill required: Talent Development - Instructor-Led Training (ILT) Designation: Business Interlock Senior Analyst Qualifications: Any Graduation Years of Experience: 5 to 8 years About Accenture Accenture is a global professional services company with leading capabilities in digital, cloud and security.Combining u…",2026-07-23T22:17:13Z,Business Analyst,,Not disclosed,0,False
Custom Software Engineer,Accenture,"Hyderabad, Telangana",,,"This job is with Accenture, an inclusive employer and a member of myGwork – the largest global platform for the LGBTQ business community. Please do not contact the recruiter directly. Project Role : Custom Software Engineer Project Role Description : Develop custom software solutions to design, code, and enhance components across systems or applications. Use modern frameworks and agile practices to deliver scalable, high-performing solutions tailored to specific business needs. Must have skills…",2026-07-23T22:17:24Z,Business Analyst,,Not disclosed,0,False
Business Analyst / Senior Business Analyst,Flick Media Private Limited,"Bangalore, Karnataka",1800000,2400000,"About Flick Flick is building the future of mobile-first entertainment. We are an OTT platform delivering short-form, high-engagement stories designed for on-the-go consumption. Our content combines the addictive storytelling of TV dramas with the instant appeal of short-form video. As the short-form entertainment market rapidly expands, we are building a category-defining company where data drives every key decision. About the Role As a Business Analyst, you will turn data into actionable insi…",2026-06-06T06:12:01Z,Business Analyst,,"1,800,000 - 2,400,000",0,True
Business Analyst,TestHiring,"Teori, Jodhpur",40000,60000,"Business Analyst to join our software development team. The candidate will work closely with clients, stakeholders, and technical teams to gather requirements, analyze business needs, and help deliver effective software solutions. Requirements 3 years of experience as a Business Analyst or similar role. Strong analytical, communication, and problem-solving skills. Knowledge of SDLC, Agile methodologies, and business analysis techniques. Proficiency in MS Excel, PowerPoint, and documentation too…",2026-07-23T16:41:15Z,Business Analyst,"excel, communication","40,000 - 60,000",2,True
Business Analyst,Nexivo Consulting,"Aperl, Hyderabad",,,"Job Title: Business Analyst (BFSI) Experience: 3–4 Years Preferred: Experience with Zoho Applications Location: Gachibowli, Hyderabad Job Summary We are looking for an experienced Business Analyst (BFSI) with a strong background in the Banking, Financial Services, and Insurance (BFSI) domain. The ideal candidate should have hands-on experience in Mutual Funds, Loans, Banking, or Financial Services , along with excellent business analysis and stakeholder management skills. The candidate will be …",2026-07-16T14:39:19Z,Business Analyst,excel,Not disclosed,1,False
Business Analyst,SuperProcure,"Ahmedabad, Gujarat",600000,800000,"Job Summary SuperProcure is looking for Business Analyst with organizational, management and problem solving skills. We are seeking a high level of motivation, a self- starter attitude, and the ability to work with minimal direction and supervision. The ideal candidate will be helping to drive day to day business requirements for various clients. Responsibilities Provide support in project management & successful implementation across clients. Join SP customer interaction call to understand, di…",2026-06-02T11:06:10Z,Business Analyst,problem solving,"600,000 - 800,000",1,True
Business Analyst,Weekday AI,India,,,"This role is for one of Weekday’s clients Salary range: Rs 2500000 - Rs 2800000 (ie INR 25-28 LPA) Min Experience: 8 years Location: Banglaore, Hybrid (2–3 days per week from office) JobType: full-time We are seeking an experienced Business Analyst with strong expertise in the US Healthcare and/or Health Insurance domain for a full-time opportunity based in Bangalore. Requirements Key Responsibilities  Collaborate with business stakeholders to gather, analyze, and document business requirement…",2026-07-09T12:17:21Z,Business Analyst,,Not disclosed,0,False
Business Analyst,Trigent Software Private Limited,India,2500000,2500000,"Required Skills Experience as a Technical Business Analyst focused on system integration projects. Strong expertise in API analysis, design, and integration, including REST/SOAP, XML, and data exchange mechanisms. Proven ability to reverse-engineer systems and derive business/technical requirements without direct SME input. Hands-on experience with data mapping, reconciliation, and validation. Strong understanding of system integration concepts, middleware, API architecture, and data transforma…",2026-07-23T23:27:52Z,Business Analyst,,"2,500,000 - 2,500,000",0,True
Business Analyst,Fulcrum Digital,"Warje, Pune",,,"Who are we Fulcrum Digital is an agile and next-generation digital accelerating company providing digital transformation and technology services right from ideation to implementation. These services have applicability across a variety of industries, including banking & financial services, insurance, retail, higher education, food, healthcare, and manufacturing. We are seeking an experienced Business Analyst with 6-8 years of relevant experience in the Property and Casualty (P&C) insurance domai…",2026-06-01T22:43:38Z,Business Analyst,,Not disclosed,0,False
Business Analyst,Blumetra,"Hyderabad, Telangana",2000000,2500000,"Designation:Project Manager/Business Analyst Experience: 7 - 10 years Location: Hyderabad (Hybrid) Domain:Pharma & Lifesciences domain (Mandatory) Notice Period :30 Days Job Description Must-haves: PMP or Prince2 (project management credibility) CSM / PSM I (Scrum — as we discussed, PSM carries more weight) BA experience: requirements gathering, user stories, stakeholder interviews, process mapping, functional specs Data skills: SQL at minimum, familiarity with ETL/data pipelines, dashboards (P…",2026-07-25T06:50:27Z,Business Analyst,sql,"2,000,000 - 2,500,000",1,True
Business Analyst,NEC Software Solutions ,"Mumbai, Maharashtra",,,"Job Description Job Role: Business Analyst Key Accountabilities: Primarily focussed on Systems Analysis and preparation of functional specifications / User Stories, the Business Analyst will also be responsible for contributing to System Testing and providing analysis and support throughout the full development lifecycle Role & Responsibilities •To act as the primary contact and source of knowledge for the offshore development and test teams for all matters relating to the business functionalit…",2026-07-23T01:03:09Z,Business Analyst,,Not disclosed,0,False
Business Analyst,Sisco Jobs,"Ttti Taramani, Chennai",,,"Job Description We are Sisco Jobs, a recruitment consultancy based in Trichy, Tamil Nadu. We are hiring on behalf of our client for the position of Business Analyst in Chennai. Our client is a reputed organization in the Banking & Financial Services sector seeking skilled and motivated professionals with strong expertise in payment processing and ISO 20022 standards. If you meet the requirements below, apply early as positions are limited. Key Responsibilities Gather and analyze business requir…",2026-07-22T00:39:38Z,Business Analyst,,Not disclosed,0,False
Business Analyst,Distinction Dev,"Navrangpura, Ahmedabad",,,"Job Title - Business Analyst ( 2-5 Yrs of Experience ) Office Location -202, 3rd Eye II, Opposite Parimal Garden, Panchavati Road, Chimanlal Girdharlal Rd, Ahmedabad, Gujarat 380009 Duration & Type of Employment - Full Time Work Style - Hybrid In-office days - 3 days a week Relocation - Candidate must be willing to relocate to Ahmedabad, GJ, with reasonable notice. Immediate Joiner preferable Requirements We're looking for a seasoned analyst with a knack to find out what happens inside systems,…",2026-07-14T02:30:29Z,Business Analyst,,Not disclosed,0,False
Business Analyst,Infotel UK,India,,,"The PCM Business Analyst is expected to have experience in some of the following functional areas: · Payments engine and clearing ( At least one) : o Payment engines o SWIFT (MT/MX Messages), ISO 20022 o Regulatory Clearing & Settlement applications o Instant Payments · Compliance Frameworks: Anti‑Money‑Laundering (AML), Sanctions Screening ( Optional) · Core banking applications ( Optional) · Treasury management ( Optional) The role involves collaborating with various stakeholders mainly busin…",2026-06-10T16:21:44Z,Business Analyst,,Not disclosed,0,False
Business Analyst,"Opalforce, Inc.","Bangalore, Karnataka",,,"About the Job: Opalforce is hiring Mechanical Design Engineers Key Responsibilities: Create requirements and specifications for business solutions Conduct business analysis and research to identify opportunities for improvement Consult with key stakeholders to determine business objectives and success factors Collaborate with team members to collect, analyze, and evaluate information from multiple sources including Present findings and recommendations to stakeholders Write and document business…",2024-06-07T16:37:08Z,Business Analyst,,Not disclosed,0,False
Business Analyst,Egon Zehnder,India,,,"The Company Egon Zehnder is trusted advisor to many of the world’s most respected organizations and a leading Executive Search firm, with more than 600 consultants and 69 offices in 41 countries spanning Europe, the Americas, Asia Pacific, the Middle East and Africa. Our clients range from the largest corporations to emerging growth companies, government and regulatory bodies, and major educational and cultural institutions. The firm is a private partnership which allows us to operate independe…",2026-06-24T18:32:43Z,Business Analyst,,Not disclosed,0,False
Business Analyst,Lincode Labs India Pvt Ltd,"Bangalore, Karnataka",400000,800000,"Job Description: Business Analyst (Job Code: BNSAN1) No of Positions: 2 Purpose of Position: Requirements management is one of the core skills of business analysts. Developing technical solutions to business problems, or to advance a company’s sales efforts, begins with defining, analyzing and documenting requirements. Managing requirements at the project level can help fulfill business needs. Skilled business analysts also use requirements to drive the design or review of test cases, process c…",2020-03-31T19:47:07Z,Business Analyst,,"400,000 - 800,000",0,True
Business Analyst,ProPMO Services Private Limited,"Bangalore, Karnataka",400000,800000,"Hiring: Business Analyst – General / Motor Insurance Domain Location: Bangalore, Walton Road Experience: 4-5 years in the General Insurance Industry (Motor Insurance vertical) We are looking for a Business Analyst with expertise in Motor Insurance to join our team. If you have a strong understanding of the insurance sector and analytical skills, we’d love to connect! Skills:- Business Analysis, General Insurance and Business Analyst",2025-02-07T12:24:34Z,Business Analyst,,"400,000 - 800,000",0,True
Business Analyst,xyz,"Tamil Nadu, India",,,"A Business Analyst job description typically includes: Creating a detailed business analysis, outlining problems, opportunities and solutions for a business Budgeting and forecasting Planning and monitoring Financial modelling Variance Analysis Pricing Reporting Defining business requirements and reporting them back to stakeholders In addition to performing financial and operational modelling, a Business Analyst is expected to develop new models that underpin sound business decisions. A Busines…",2024-07-31T03:13:45Z,Business Analyst,,Not disclosed,0,False
Business Analyst,Wissen Technology,"Hyderabad, Telangana",,,"· 5 years of experience as a Product Specialist, Business Analyst, or any other occupation/title providing experience with business process and data analysis · Proven experience with and understanding of relational databases, and ability to construct basic to intermediate query logic · 2 years of experience in asset management and/or fintech domain in R&D or product capacity Skills:- Business Analyst, Asset management, SQL and Data Analysis",2025-08-05T08:19:57Z,Business Analyst,sql,Not disclosed,1,False
Business Analyst,,"Noida, Ghaziabad",,,"We are hiring a Business Analyst to join our project team. You will work alongside other business analysts and report directly to the project manager. Your main tasks will include performing detailed requirements analysis, documenting processes, and performing some user acceptance testing. To succeed in this role you should have a natural analytical way of thinking and be able to explain difficult concepts to non-technical users.",2024-05-10T07:39:01Z,Business Analyst,,Not disclosed,0,False
Business Analyst,Sole Point,"Gujarat, India",,,"Business Analyst We are seeking a motivated and analytical Business Analyst to join our dynamic team. The ideal candidate will be responsible for understanding business needs, analyzing data, and providing insights to drive strategic decisions and improve processes. Responsibilities: Gather and document business requirements from stakeholders. Analyze business processes and identify areas for improvement. Develop and maintain data models and reports. Translate business requirements into technic…",2026-06-30T14:52:24Z,Business Analyst,,Not disclosed,0,False
Business Analyst,PopcornApps,"Hyderabad, Telangana",200000,1000000,Business Analyst Business Analyst at PopcornApps is focused on customer business process understanding for the enterprise software solutions developed at PopcornApps. This role serves as a facilitator for all areas related to Business Process understanding and its communication through written and verbal medium. Business Analyst ensures communication of project requirements to the technical development team. Candidate Profile: 3 Years Experience. The candidate can be a project lead or an indivi…,2022-05-25T05:32:48Z,Business Analyst,communication,"200,000 - 1,000,000",1,True
Business Analyst,Presidency University,"Bangalore, Karnataka",,500000,"Job Description We are hiring a Business Analyst to join our project team. You will work alongside other business analysts and report directly to the project manager. Your main tasks will include performing detailed requirements analysis, documenting processes, and performing some user acceptance testing. To succeed in this role, you should have a natural analytical way of thinking and be able to explain difficult concepts to non-technical users. Business Analyst Responsibilities: Evaluating bu…",2020-10-29T02:45:11Z,Business Analyst,,Not disclosed,0,False
Business Analyst,In Touch,"Hyderabad, Telangana",,,"About the Job We are changing the way people think about customer care, and we need your help! We’re looking for a Business Analyst to assist with Performing User Acceptance Testing (UAT) and the operationalization of business, process and/or system changes across training curriculums, training delivery, quality assurance and reporting. As Business Analyst, You Will… Collect and validate data requirements for business intelligence systems Support reporting from multiple applications Create, val…",2026-07-04T02:33:21Z,Business Analyst,,Not disclosed,0,False
Business Analyst,Ebizz Infotech,"Surat, Gujarat",120000,300000,"We are hiring a business analyst to join our project team. You will work alongside project stakeholders and report directly to Sr. Business analysts. The purpose of the role is to liaison and bridge the gap between the BDM team and technical team to comprehend and analyze customer requirements and translate them to the development teams thereby, ensuring the right requirement detail in the documentation. To succeed in this role, you should have a natural analytical way of thinking and be able t…",2023-02-04T06:16:41Z,Business Analyst,,"120,000 - 300,000",0,True
Business Analyst,Mithra Global,"Mumbai, Maharashtra",1200000,1300000,"Business Analyst responsibilities are:  A business analyst serves as a liaison between developers and users, clients, management and IT.  Using IT resources at an advanced level to create IT solutions, enabling organiastion meet their goals  Understanding data formats and translating them to useful process inputs.  Understanding calculation logic and interacting with the clients on their queries  Good knowledge of subject matter – both Finance and IT  Doing product demonstrations internal…",2022-11-22T05:54:55Z,Business Analyst,,"1,200,000 - 1,300,000",0,True
Business Analyst,Virtusa,India,,,"Business Analyst – Insurance Domain (4 to 6 Years Experience) Location - Mumbai Job Summary We are seeking a Business Analyst with 4 to 6 years of experience in the insurance sector. You will bridge the gap between business needs and technological solutions. You will gather requirements, map processes, and ensure project delivery across Life, Health, or General Insurance domains. Key Responsibilities Requirement Gathering Conduct workshops with stakeholders to capture detailed business requirem…",2026-07-09T03:40:40Z,Business Analyst,,Not disclosed,0,False
Business Analyst,MM Staffing & Career Consultants,"Bangalore, Karnataka",,,"Job Description: Position: Business Analyst Location: Bangalore, WFO Experience requirement: 3 Years Joining Date: Immediate to 30 days Job Description minimum 3 years of experience in Business Analyst position with good knowledge in Bank Payments domain know the workflow of Payment services (UPI / IMPS / NEFT / RTGS) should understand the Payment Gateway Services. should know how the Bank Payment Services are integrated. should be able to give solutioning for issues related to Payments. should…",2026-05-13T01:56:32Z,Business Analyst,,Not disclosed,0,False
Business Analyst,Novrelease,India,35000,50000,"We are looking for a Business Analyst who will be the vital link between our information technology capacity and our business objectives by supporting and ensuring the successful completion of analytical, building, testing, and deployment tasks of our software product’s features. Business Analyst responsibilities include: Defining configuration specifications and business analysis requirements Performing quality assurance Defining reporting and alerting requirements Job brief We are looking for…",2026-02-18T08:20:34Z,Business Analyst,,"35,000 - 50,000",0,True
Business Analyst,Redfoxa Careerlink Pvt Ltd,"Bangalore, Karnataka",400000,450000,"Title: Business Analyst – Fresher Company: Concentrix Location: Bangalore CTC: ₹4 – ₹4.8 LPA Job Description: We are hiring Business Analysts for Concentrix, Bangalore. This is a great opportunity for fresh graduates to start their IT career in a professional corporate environment. Key Responsibilities: Analyze business requirements and processes Coordinate with internal teams and stakeholders Support data analysis and reporting Ensure smooth project execution Eligibility Criteria: Any Graduate…",2026-05-05T12:11:01Z,Business Analyst,,"400,000 - 450,000",0,True
Business Analyst,Thomasmount Consulting,"Bangalore, Karnataka",300000,550000,"Job Description- Business Analyst/AMT Minimum 2- 3 years of experience in Business Analyst role Experience working in Service based company Bachelor's Degree in an appropriate field of study or equivalent work experience Exposure to Project management tools like Jira Ability to work independently and with others. Proven experience in eliciting requirements and testing Create comprehensive, accurate business and functional requirements and present them clearly to clients and development teams. C…",2026-07-25T15:56:47Z,Business Analyst,,"300,000 - 550,000",0,True
Business Analyst,Vision Infotech,"Surat, Gujarat",,,"Description We are looking for a skilled Business Analyst to join Vision Infotech, a leading IT company. As a Business Analyst, you will play a crucial role in analyzing business processes, identifying areas for improvement, and recommending solutions to enhance efficiency and productivity. Your insights will be instrumental in driving strategic decision-making and ensuring the successful implementation of projects. Working at Vision Infotech, you will be involved in a variety of projects aimed…",2025-11-20T00:58:11Z,Business Analyst,,Not disclosed,0,False
Business Analyst,Texila American University,"Coimbatore, Tamil Nadu",,700000,"Title : Business Analyst Reporting to : Project Manager Work Location : Coimbatore, TN Summary : As a Business Analyst, he/she will be working as a member of product development team who analyzes the business domain, documents its processes and systems, outlines business requirements, and matches a software business model with the software being built. You will be bridging the gap between stakeholders and the development team, interpreting business requirements into understandable development t…",2021-11-04T03:52:47Z,Business Analyst,,Not disclosed,0,False
Business Analyst,SLK Software,"Bangalore, Karnataka",,,"The purpose of this role is to work independently with customers to understand the customer business model, needs / requirements and translate them into software requirements document which would be used by IT Design & Development teams for solutioning, provide functional support & clarifications to QA and technical teams throughout the project life cycle, assist the Business teams during User Acceptance Testing and involve in post production support & verifications; and responsible to mentor a…",2026-07-01T07:15:51Z,Business Analyst,,Not disclosed,0,False
Business Analyst,Refining Skills Academy,"Bangalore, Karnataka",420000,600000,"Business Analyst Yelahanka, Bangalore About the Role We are hiring a Business Analyst to work closely with founders and business teams on real operational challenges. This role focuses on turning data into actionable insights and driving business decisions across industries. Key Responsibilities Analyze data to identify trends, gaps, and opportunities Convert insights into actionable business recommendations Build dashboards using Power BI and Excel Work on process improvements and operational …",2026-05-26T06:36:53Z,Business Analyst,"excel, power bi","420,000 - 600,000",2,True
Business Analysts,Money Honey Financial Services Private Limited,"Mumbai, Maharashtra",300000,1000000,"Job brief We are looking for a Business Analyst to help us to build our online-only investment platform, which will enable investors to easily invest in mutual funds from leading fund houses in India, corporate fixed deposits, and various other investment products. Another important activity where Business analyst will help us is that to keep a track on different asset class and keep them updated in system. Which will help us to do financial planning for the investor. Business Analyst Desk - JD…",2024-06-28T10:26:34Z,Business Analyst,,"300,000 - 1,000,000",0,True
Business Analyst,Sigma Infosolutions,"Bangalore, Karnataka",1200000,1500000,"Job Description of Business Analyst About the job: We are looking for a Business Analyst for E-commerce domain (Magento) Role: Your role will be of Business Analyst Location: Bangalore · Requirement Collection, Documentation and Analysis for existing and new projects · Propose reasonable solution to client’s requirement in alignment with technical & budget feasibility. · Bring clarity in work scope between development team & client. · Leading and managing multiple projects end to end. · Client …",2022-06-28T06:28:21Z,Business Analyst,,"1,200,000 - 1,500,000",0,True
Business Analyst,Exioms Technology,"Pune, Maharashtra",,,"Business Analyst What are we looking for Degree in Computer Science or Engineering related to subject. 3 years of Business Analyst Solid understanding of the requirement analysis and client servicing Ability to rapidly learn and take advantage of new concepts, business models, and methods Responsibilities Needs to prepare business and functional requirements document. Gathering information on the project requirements from the client and preparing documents or business proposals as per client re…",2026-07-19T07:23:32Z,Business Analyst,,Not disclosed,0,False
Data Scientist,Jabil,India,,,"This job is with Jabil, an inclusive employer and a member of myGwork – the largest global platform for the LGBTQ business community. Please do not contact the recruiter directly. At Jabil (NYSE: JBL), we are proud to be a trusted partner for the world's top brands, offering comprehensive engineering, supply chain, and manufacturing solutions. With 60 years of experience across industries and a vast network of over 100 sites worldwide, Jabil combines global reach with local expertise to deliver…",2026-07-03T00:54:32Z,Data Scientist,,Not disclosed,0,False
Data Science Analytics Specialist - Data Science,Accenture,"Navi Mumbai, Maharashtra",,,"This job is with Accenture, an inclusive employer and a member of myGwork – the largest global platform for the LGBTQ business community. Please do not contact the recruiter directly. Skill required: Data Scientist - Predictive Modeling and Analytics Designation: Data Science Analytics Specialist - Data Science Qualifications: Any Graduation Years of Experience: Experienced About Accenture Accenture is a global professional services company with leading capabilities in digital, cloud and securi…",2026-07-23T22:17:13Z,Data Scientist,,Not disclosed,0,False
Data Scientist Iii,S&P Global,"Hyderabad, Telangana",,,"This job is with S&P Global, an inclusive employer and a member of myGwork – the largest global platform for the LGBTQ business community. Please do not contact the recruiter directly. About the Role: Grade Level (for internal use): 10 About the Role : S&P Global is seeking a Data Scientist III (Grade 10) to join our Data Science & Modeling team. In this hybrid role, you will help build and optimize the data infrastructure that powers analytics and machine learning across the organization. You'…",2026-07-25T23:45:22Z,Data Scientist,machine learning,Not disclosed,1,False
Data Scientist Iii,LexisNexis Legal & Professional®,"Gurgaon, Haryana",,,"This job is with LexisNexis Legal & Professional®, an inclusive employer and a member of myGwork – the largest global platform for the LGBTQ business community. Please do not contact the recruiter directly. Job Description About our Team: LexisNexis Legal & Professional, which serves customers in more than 150 countries with 11,800 employees worldwide, is part of RELX, a global provider of information-based analytics and decision tools for professional and business customers. Our company has be…",2026-07-18T22:16:31Z,Data Scientist,,Not disclosed,0,False
"Manager, Clinical Data Scientist",Pfizer,"Chennai, Tamil Nadu",,,"This job is with Pfizer, an inclusive employer and a member of myGwork – the largest global platform for the LGBTQ business community. Please do not contact the recruiter directly. As part of the Clinical Data and Information Sciences (CDIS)group, an integral delivery unit within the Clinical Development & Operations (CD&O)organization, the Clinical Data Scientist is responsible for representing CDIS at the study team level. The Clinical Data Scientistis accountable for the coordination of all …",2026-07-18T22:17:52Z,Data Scientist,,Not disclosed,0,False
"Sr Spclst , Data Science",MSD,"Hyderabad, Telangana",,,"This job is with MSD, an inclusive employer and a member of myGwork – the largest global platform for the LGBTQ business community. Please do not contact the recruiter directly. Job Description Senior Specialist, Oncology Marketing Engagement Analytics, DHH Our Digital Human Health (DHH) team is innovating how we understand our patients and their needs. Working cross functionally we are inventing new ways of engaging, interacting with our customers and patients leveraging digital, data and anal…",2026-07-15T23:39:36Z,Data Scientist,,Not disclosed,0,False
"Vice President, Data Science",S&P Global,India,,,"This job is with S&P Global, an inclusive employer and a member of myGwork – the largest global platform for the LGBTQ business community. Please do not contact the recruiter directly. About the Role: Grade Level (for internal use): 15 The Team The Enterprise Solutions Technology team is dedicated to delivering next-generation, high-scale technology platforms through resilient architecture, data excellence, and engineering innovation. Our mission is to enhance our digital presence and improve c…",2026-07-23T02:11:18Z,Data Scientist,excel,Not disclosed,1,False
Senior Data Scientist I,LexisNexis Legal & Professional®,"Gurgaon, Haryana",,,"This job is with LexisNexis Legal & Professional®, an inclusive employer and a member of myGwork – the largest global platform for the LGBTQ business community. Please do not contact the recruiter directly. About our Team: LexisNexis Legal & Professional, which serves customers in more than 150 countries with 11,800 employees worldwide, is part of RELX, a global provider of information-based analytics and decision tools for professional and business customers. Our company has been a long-time l…",2026-07-21T10:13:42Z,Data Scientist,,Not disclosed,0,False
Data Science & Ai Specialist,ABB,"Bangalore, Karnataka",,,"This job is with ABB, an inclusive employer and a member of myGwork – the largest global platform for the LGBTQ business community. Please do not contact the recruiter directly. At ABB, we help industries run leaner and cleaner—and every person here makes that happen. You’ll be empowered to lead, supported to grow, and proud of the impact we create together. Join us and help run what runs the world. This Position reports to: Digital Solution Engineering Manager What we believe in ABB’s Process …",2026-07-07T05:28:52Z,Data Scientist,,Not disclosed,0,False
Senior Expert Ii Data Scientist,Novartis,India,,,"This job is with Novartis, an inclusive employer and a member of myGwork – the largest global platform for the LGBTQ business community. Please do not contact the recruiter directly. Summary Join the Modeling & Simulation Data Science team within the Translational Medicine, Pharmacokinetic Sciences Unit to advance data-driven drug discovery. This role combines advanced data science with robust software engineering to transform large-scale experimental datasets into impactful insights and scalab…",2026-07-25T23:45:27Z,Data Scientist,,Not disclosed,0,False
"Adv. Data Scientist Ii, Sip",Invesco,"Hyderabad, Telangana",,,"This job is with Invesco, an inclusive employer and a member of myGwork – the largest global platform for the LGBTQ business community. Please do not contact the recruiter directly. As one of the world's leading independent global investment firms, Invesco is dedicated to rethinking possibilities for our clients. By delivering the combined power of our distinctive investment management capabilities, we provide a wide range of investment strategies and vehicles to our clients around the world. I…",2026-07-10T23:43:07Z,Data Scientist,,Not disclosed,0,False
"Senior Expert Data Science, Ai Methods",Novartis,India,,,"This job is with Novartis, an inclusive employer and a member of myGwork – the largest global platform for the LGBTQ business community. Please do not contact the recruiter directly. Summary Job Title: Senior Expert Data Science, AI Methods. LI-Hybrid Primary Location: Hyderabad, India Relocation Support: Yes No of positions: 2 Join us at the forefront of AI-driven drug discovery, where your work will directly shape how breakthrough therapies are discovered and developed. As a Senior Expert in …",2026-07-03T00:54:16Z,Data Scientist,,Not disclosed,0,False
"Associate Data Manager, Clinical Data Sciences",Pfizer,"Chennai, Tamil Nadu",,,"This job is with Pfizer, an inclusive employer and a member of myGwork – the largest global platform for the LGBTQ business community. Please do not contact the recruiter directly. Use Your Power for Purpose At Pfizer, our Worldwide Medical and Safety colleagues are pivotal in bridging evidence-based medical decision support with stakeholders to enhance health and treatment outcomes. Whether you are developing frameworks to ensure our evidence is scientifically robust, offering unbiased and med…",2026-07-19T07:41:06Z,Data Scientist,,Not disclosed,0,False
Talent Pool -Fp&A- Data Scientist / Analytics Specialist / Data & Ai Specialist,ABB,"Bangalore, Karnataka",,,"This job is with ABB, an inclusive employer and a member of myGwork – the largest global platform for the LGBTQ business community. Please do not contact the recruiter directly. At ABB, we help industries outrun - leaner and cleaner. Here, progress is an expectation - for you, your team, and the world. As a global market leader, we’ll give you what you need to make it happen. It won’t always be easy, growing takes grit. But at ABB, you’ll never run alone. Run what runs the world. This Position …",2026-07-03T00:54:32Z,Data Scientist,,Not disclosed,0,False
Abb Talent Pool(Unpause - Returnee Program) - Technology And Data Science,ABB,"Bangalore, Karnataka",,,"This job is with ABB, an inclusive employer and a member of myGwork – the largest global platform for the LGBTQ business community. Please do not contact the recruiter directly. At ABB, we help industries outrun - leaner and cleaner. Here, progress is an expectation - for you, your team, and the world. As a global market leader, we’ll give you what you need to make it happen. It won’t always be easy, growing takes grit. But at ABB, you’ll never run alone. Run what runs the world. This Position …",2026-07-03T00:54:23Z,Data Scientist,,Not disclosed,0,False
Senior Expert Data Science & Ai (Low Molecular Weight Drug Discovery),Novartis,India,,,"This job is with Novartis, an inclusive employer and a member of myGwork – the largest global platform for the LGBTQ business community. Please do not contact the recruiter directly. Summary Job Title: Senior Expert Data Science & AI (Low Molecular Weight Drug Discovery) LI-Hybrid Location: Hyderabad, India Relocation Support: Yes Step into a role where cutting-edge AI meets life-changing science-drive breakthroughs in drug discovery by shaping how intelligent systems design the next generation…",2026-07-07T05:28:17Z,Data Scientist,,Not disclosed,0,False
"Agentic Ai Engineer For Ai &Ds, Bsi",Novartis,India,,,"This job is with Novartis, an inclusive employer and a member of myGwork – the largest global platform for the LGBTQ business community. Please do not contact the recruiter directly. Summary -Level 4: Data Scientist 1 Location: Hyderabad | LI-Hybrid About the Position The AI and Data Science Operations (BSI) team at Novartis is committed to enhancing decision-making by leveraging advanced AI technologies to deliver actionable insights that improve performance and productivity. We work closely w…",2026-07-03T00:54:19Z,Data Scientist,,Not disclosed,0,False
"Manager, Project Manager, Clinical Data Collection Strategies",Pfizer,"Chennai, Tamil Nadu",,,"This job is with Pfizer, an inclusive employer and a member of myGwork – the largest global platform for the LGBTQ business community. Please do not contact the recruiter directly. Use Your Power for Purpose At Pfizer, our mission is to empower healthcare decisions regarding the safe and appropriate use of medicines for patients. You will play a pivotal role in improving patients' lives by ensuring the accuracy, timeliness, and consistency of clinical data. Your work will bridge evidence-based …",2026-07-14T17:59:32Z,Data Scientist,,Not disclosed,0,False
Ai-Enabled Scientific Computing Expert - Drug Product Development,Novartis,India,,,"This job is with Novartis, an inclusive employer and a member of myGwork – the largest global platform for the LGBTQ business community. Please do not contact the recruiter directly. Summary We are looking for an AI-enabled Scientific Computing Expert to strengthen Drug Product development capabilities within a global CMC organization. In this role, you will focus on how AI, data science, and modeling can improve decision-making in CMC, from early formulation development to commercial manufactu…",2026-07-03T00:54:11Z,Data Scientist,,Not disclosed,0,False
Copy Of Senior Insights Analyst,WPP Production,"Chennai, Tamil Nadu",,,"This job is with WPP Production, an inclusive employer and a member of myGwork – the largest global platform for the LGBTQ business community. Please do not contact the recruiter directly. About WPP Production We are WPP Production - the unified global production company that brings together all of WPP's content producers, studios and craft experts into one connected organisation. We combine world-class human craft with next generation technology to originate, design, and deliver multi-channel …",2026-07-25T03:48:53Z,Data Scientist,,Not disclosed,0,False
Senior Ai Engineer,MSCI,"Mumbai, Maharashtra",,,"This job is with MSCI, an inclusive employer and a member of myGwork – the largest global platform for the LGBTQ business community. Please do not contact the recruiter directly. Your Team Responsibilities: MSCI Data Tech - Data Science is a central team responsible for building and managing data-centric and AI-driven applications and capabilities that support all major business verticals across the firm, including ESG, Index, Analytics, and Real Estate . The team enables high-quality financial…",2026-07-07T05:28:33Z,Data Scientist,,Not disclosed,0,False
Ai Engineer,MSCI,"Mumbai, Maharashtra",,,"This job is with MSCI, an inclusive employer and a member of myGwork – the largest global platform for the LGBTQ business community. Please do not contact the recruiter directly. Your Team Responsibilities: MSC! Data Tech - Data Science is a central team responsible for building and managing data-centric and AI-driven applications and capabilities that support all major business verticals across the firm, including ESG, Index, Analytics, and Real Estate . The team enables high-quality financial…",2026-07-03T00:54:32Z,Data Scientist,,Not disclosed,0,False
S&C Global Network - Ai - Supply Chain Analytics - Consultant,Accenture,"Mumbai, Maharashtra",,,"This job is with Accenture, an inclusive employer and a member of myGwork – the largest global platform for the LGBTQ business community. Please do not contact the recruiter directly. Entity : - Accenture Strategy & Consulting Team : - Strategy & Consulting - Global Network Practice : - Supply Chian Analytics Title : - Ind & Func AI Decision Science Consultant Job location : - Bangalore/Gurgaon/Hyderabad/ Mumbai Explore an Exciting Career at Accenture Do you believe in creating an impact? Are y…",2026-07-23T22:17:17Z,Data Scientist,,Not disclosed,0,False
"Associate Director, Data And Ai Studio Product Architect",MSD,"Hyderabad, Telangana",,,"This job is with MSD, an inclusive employer and a member of myGwork – the largest global platform for the LGBTQ business community. Please do not contact the recruiter directly. Job Description Required Skills: Preferred Skills: Current Employees apply HERE Current Contingent Workers apply HERE Secondary Language(s) Job Description: Associate Director, Data and AI Studio Product Architect THE OPPORTUNITY Based in Hyderabad, join a global healthcare biopharma company and be part of a 130-year le…",2026-07-25T23:45:21Z,Data Scientist,,Not disclosed,0,False
"Associate Director, Commercial Ai – Business Value Delivery",MSD,"Hyderabad, Telangana",,,"This job is with MSD, an inclusive employer and a member of myGwork – the largest global platform for the LGBTQ business community. Please do not contact the recruiter directly. Job Description Associate Director - Commercial AI - Business Value Delivery, Digital Human Health Job Description This role sits within the Commercial AI vertical of Digital Human Health (DHH), which is responsible for building and scaling AI capabilities across cross-functional teams and divisions. The team operates a…",2026-07-25T14:12:42Z,Data Scientist,,Not disclosed,0,False
S&C Global Network - Ai - Software & Platform - Gen Ai - Consultant,Accenture,"Bangalore, Karnataka",,,"This job is with Accenture, an inclusive employer and a member of myGwork – the largest global platform for the LGBTQ business community. Please do not contact the recruiter directly. Entity : - Accenture Strategy & Consulting Team : - Global Network - Data & AI Practice : - CMT - Software & Platforms Title : - Level 7 - Ind & Func AI Decision Science Manager Job location : - Hyderabad About S&C - Global Network: - Accenture Global Network - Data & AI practice help our clients grow their busine…",2026-07-23T22:17:24Z,Data Scientist,,Not disclosed,0,False
"Principal Scientist I, (Qsp) - Modeling & Simultion",Novartis,India,,,"This job is with Novartis, an inclusive employer and a member of myGwork – the largest global platform for the LGBTQ business community. Please do not contact the recruiter directly. Summary In this role, you will work closely with PKS M&S, Therapeutic Areas, and multidisciplinary teams to develop and apply quantitative disease models that inform key scientific and development decisions. You will contribute to the development of mechanistic disease models, support model-informed insights, and h…",2026-07-03T00:54:25Z,Data Scientist,,Not disclosed,0,False
Ds & Ai Full Stack Engineer,Pfizer,"Mumbai, Maharashtra",,,"This job is with Pfizer, an inclusive employer and a member of myGwork – the largest global platform for the LGBTQ business community. Please do not contact the recruiter directly. Job Description ROLE SUMMARY The AI Acceleration (AIA) function within the Chief Marketing Office (CMO) is the single, business-led engine that owns the design, delivery, and scale-up of priority AI capabilities across Commercial. AIA works in tight collaboration with various Pfizer functions to deploy and maintain p…",2026-07-23T02:11:11Z,Data Scientist,,Not disclosed,0,False
Data Scientist-Data Science-Data Scientist,EXL,India,,,"Description Data Scientists design and implement data analysis processes to derive actionable insights. Duties include building statistical models, analyzing large datasets, and presenting findings to stakeholders. You will collaborate with other data professionals to solve complex problems and improve business outcomes. Proficiency in data science tools and techniques is essential. Responsibilities · Data collation, processing, cleaning & transformation along with feature engineering and model…",2026-02-26T01:46:48Z,Data Scientist,,Not disclosed,0,False
Senior Data Engineer,ABB,"Bangalore, Karnataka",,,"This job is with ABB, an inclusive employer and a member of myGwork – the largest global platform for the LGBTQ business community. Please do not contact the recruiter directly. At ABB, we help industries run leaner and cleaner—and every person here makes that happen. You’ll be empowered to lead, supported to grow, and proud of the impact we create together. Join us and help run what runs the world. This Position reports to: R&D Principal Engineer Your role and responsibilities: At ABB’s Common…",2026-07-11T10:06:17Z,Data Scientist,,Not disclosed,0,False
Principal Rwe Scientific Research Analyst,Novartis,India,,,"This job is with Novartis, an inclusive employer and a member of myGwork – the largest global platform for the LGBTQ business community. Please do not contact the recruiter directly. Summary The Principal Real-World Evidence (RWE) Research Analyst is responsible for the scientific and methodological aspects of all RWE projects as well as providing guidance for other members of the team. About the Role Key Responsibilities : Produce analytic deliverables, including full study reports for RWE or …",2026-07-25T03:48:54Z,Data Scientist,,Not disclosed,0,False
Data Scientist Data Science Intern,Adway Institute Of Management Education Private Limited,"Coimbatore, Tamil Nadu",,,We are looking for a Data Scientist Data Science Intern to join our team at at Adway Institute Of Management Education Private Limited contributing to software data or IT system development and support This role offers an inhand salary of 25000 39000 and a chance to work in a fastpaced technologydriven environment Key Responsibilities Develop test or maintain software applications databases or analytical tools Analyze data generate insights and ensure system accuracy Troubleshoot issues and sup…,2026-07-21T06:40:29Z,Data Scientist,,Not disclosed,0,False
Manager-Data Science-Data Scientist,EXL,India,,,"Description Are you ready to help shape the future of AI? Join our dynamic Data Science Center of Excellence (CoE) and be at the forefront of transforming real business challenges into innovative, AI-powered solutions. As a Data Scientist in the CoE, you’ll work with experienced data scientists, engineers, and business leaders to accelerate experimentation and deliver high-impact projects that drive business strategy forward. You’ll play a pivotal role in both exploring new AI opportunities thr…",2025-11-23T22:46:29Z,Data Scientist,excel,Not disclosed,1,False
Senior Data Scientist/ Data Scientist,Neal Analytics,"Gurgaon, Haryana",,,"Lead a small group of DS developers in collaborate/streamline data science work with product, BA, MLOps. Cover tasks in DS model development/redevelopment and support the deployment into multiple markets for production purpose. Leading the collaboration with MLOps to understand the need for industrialization, ensure smooth transition from DS development to industrialization by providing sufficient DS support. Code development/redevelopment planning, provide direct support to DS developers in th…",2026-06-09T06:55:05Z,Data Scientist,,Not disclosed,0,False
Data Scientist/Senior Data Scientist,Neal Analytics,"Gurgaon, Haryana",,,"Design and implement advanced solutions utilizing Large Language Models (LLMs). Demonstrate self-driven initiative by taking ownership and creating end-to-end solutions. Conduct research and stay informed about the latest developments in generative AI and LLMs. Develop and maintain code libraries, tools, and frameworks to support generative AI development. Participate in code reviews and contribute to maintaining high code quality standards. Engage in the entire software development lifecycle, …",2026-06-09T06:55:02Z,Data Scientist,,Not disclosed,0,False
Data Scientist,Weekday AI,India,,,"This role is for one of the Weekday's clients Salary range: Rs 2000000 - Rs 6000000 (ie INR 20-60 LPA) Experience: 4 yrs Location: Noida, Uttar Pradesh, India Job Type: Full-Time We are looking for an experienced Data Scientist who is passionate about transforming complex data into actionable business insights through advanced analytics, statistical modeling, and machine learning. This role is ideal for professionals who enjoy solving real-world problems using data, building predictive models, …",2026-07-16T22:18:12Z,Data Scientist,machine learning,Not disclosed,1,False
Data Scientist,Durapid Technologies Pvt Ltd,India,1000000,1500000,"Job Summary We are looking for a skilled Data Scientist / Data Science Analyst with 3–5 years of experience to build predictive models, analyze complex datasets, and deliver actionable business insights. The ideal candidate should have strong expertise in statistics, machine learning, Python, SQL, and data visualization, with the ability to solve real-world business problems using data-driven approaches. Key Responsibilities Collect, clean, and analyze structured and unstructured data. Develop …",2026-07-16T06:32:31Z,Data Scientist,"python, sql, machine learning, statistics, data visualization","1,000,000 - 1,500,000",5,True
Data Scientist,Sparix Global.,India,2500000,6000000,"Location: PAN India / Hybrid Experience: 5 15 Years (Based on Level) Employment Type: Full-Time Domain: BFSI (Banking, Financial Services & Insurance) Cards & Payments Skills: GenAI, LLMOps, Data Science, Machine Learning, MLOps, NLP, Python, Cloud Platforms About the Role We are looking for highly skilled GenAI, LLMOps, and Data Science professionals with strong BFSI and Cards domain expertise to build next-generation AI-driven solutions for banking and financial services. The ideal candidate …",2026-07-25T23:28:39Z,Data Scientist,"python, machine learning","2,500,000 - 6,000,000",2,True
Data Scientist,Fuku,India,,,Job Title: Data Scientist – Healthcare Analytics Location: Bangalore Acme Analytics is seeking a talented Data Scientist to join our Healthcare Analytics team. The ideal candidate will play a key role in leveraging advanced analytics to drive impactful healthcare solutions. Key Responsibilities: - Analyze and interpret complex healthcare data to support business objectives - Develop and implement machine learning models using Python and TensorFlow - Collaborate with cross-functional teams to de…,2026-04-17T10:47:41Z,Data Scientist,"python, machine learning",Not disclosed,2,False
Data Scientist,Slate Technologies,"Bangalore, Karnataka",,,"Position Vacant: Senior Data Scientist Company Profile At Slate Technologies we are bringing fresh minds and tools to the world of Smart Buildings, Smart Infrastructure, Sustainability, architecture, and construction. With a credible team from world-renowned institutions, we are leading the way in transforming the way buildings and Infrastructure come to life. Better decisions happen in construction when you have better context, without context stakeholders are unable to see the right informati…",2026-07-15T15:37:44Z,Data Scientist,,Not disclosed,0,False
Data Scientist,Fusemachines,"Pune, Maharashtra",,,"About Fusemachines Fusemachines is a leading AI strategy, talent, and education services provider. Founded by Sameer Maskey Ph.D., Adjunct Associate Professor at Columbia University, Fusemachines has a core mission of democratizing AI. With a presence in 4 countries (Nepal, the United States, Canada, and the Dominican Republic) and more than 450 full-time employees, Fusemachines brings global AI expertise to transform companies worldwide. Founded in 2013, Fusemachines is a global provider of en…",2026-07-09T18:16:41Z,Data Scientist,,Not disclosed,0,False
Data Scientist,The Nielsen Company,"Bangalore, Karnataka",,,Job Description Role Overview As a Hybrid Data Scientist you will sit at the intersection of high-scale data pipelining and advanced statistical methodology. You will be responsible for the end-to-end lifecycle of Incremental Reach and Audience Measurement products—from architecting Python-based data pipelines to implementing sophisticated Bayesian and Machine Learning models that quantify the lift of Digital media over a Linear TV baseline. Key Responsibilities 1. Advanced Statistical Modeling…,2026-07-17T18:58:09Z,Data Scientist,"python, machine learning",Not disclosed,2,False
Data Scientist,Bosch Group,"Bangalore, Karnataka",,,"Job Description Job Description Education and Work Experience Requirements: 5 to 8 years of experience as Data Scientist or GenAI specialist 2 to 3 years of experience in Generative AI solution development· Proven track record and experience with with GenAI technologies Open source LLMs like Llama, Gemma, Mixtral etc o Closed source LLMs such as Open AI GPT, Azure Open AI, Claude, Gemini etcPrompt Engineering/Tuning, RAG, RAFT, LLM finetuning such as PEFT(LoRA, QLoRA ) Understanding of SLMs suc…",2026-07-17T06:57:30Z,Data Scientist,azure,Not disclosed,1,False
Bi Analyst,Amgen,"Hyderabad, Telangana",,,"ABOUT AMGEN Amgen harnesses the best of biology and technology to fight the world's toughest diseases, and make people's lives easier, fuller and longer. We discover, develop, manufacture and deliver innovative medicines to help millions of patients. Amgen helped establish the biotechnology industry more than 40 years ago and remains on the cutting-edge of innovation, using technology and human genetic data to push beyond what's known today. ABOUT THE ROLE Role Description: As a BI Analyst in t…",2026-03-24T09:32:36Z,BI Analyst,,Not disclosed,0,False
Bi Analyst,Appian,"Chennai, Tamil Nadu",,,"Here at Appian, our values of Intensity and Excellence define who we are. We set high standards and live up to them, ensuring that everything we do is done with care and quality. We approach every challenge with ambition and commitment, holding ourselves and each other accountable to achieve the best results. When you join Appian, you’ll be part of a passionate team dedicated to accomplishing hard things, together. The BI Analyst will be an integral part of our award-winning team, focused on le…",2026-07-05T03:37:58Z,BI Analyst,excel,Not disclosed,1,False
Bi Analyst,"Loyalty Juggernaut, Inc","Golconda, Hyderabad",,,"About LJI Loyalty Juggernaut (LJI) is a leading B2B SaaS company redefining how enterprises drive customer engagement and loyalty. Our flagship platform, GRAVTY®, enables global brands to transform loyalty programs into measurable, revenue-generating growth engines. Built as an AI-first, next-generation solution, GRAVTY® empowers organizations to deliver highly personalized, real-time experiences at scale—helping them increase customer lifetime value and deepen brand relationships. Headquartere…",2026-06-18T03:30:00Z,BI Analyst,,Not disclosed,0,False
Bi Analyst,Ingram Micro,"Mumbai, Maharashtra",,,"It's fun to work in a company where people truly BELIEVE in what they're doing! Job Description: This role will support analytics across cloud portfolios including Microsoft, Adobe, Google Cloud, AWS, and other cloud solutions. It will work with business data related to revenue, gross margin, renewals, sales performance, pipeline, partner contribution, vendor performance, subscription lifecycle, and customer retention. Key Responsibilities Design, develop, and maintain dashboards and reports co…",2026-07-08T15:16:34Z,BI Analyst,aws,Not disclosed,1,False
Bi Analyst,Marlabs,"Bangalore, Karnataka",,,"Job description Ability to consolidate, interpret and present data in reports/dashboards for Executive, Team Leads and Individual End Users. Ability to produce reports and dashboard using Microsoft Power BI, Tableau, SAP BO. Ability to define and document customer business processes and report/dashboard content needs including business process diagrams, data maps, and data modeling. Ability to consult with project team members and customer stakeholders to identify, define, and document business…",2026-07-11T07:19:15Z,BI Analyst,"tableau, power bi",Not disclosed,2,False
Sr Bi Analyst / Lead Bi Analyst,USEReady,"Bangalore, Karnataka",800000,1200000,"Sr BI Analyst / Lead BI Analyst Must Have: At least 3 to 6 years of techno functional / technical experience in delivering projects for Large Enterprises Strong background in data analysis, data sources, data warehouse and business intelligence Progressive experience in areas of ETL, Data Modelling, Data Visualization, Reporting and Analytics Familiarity with database concepts, SQL queries, joins and programming Experience in system administration, problem debugging, and solution design Formal …",2019-06-05T21:12:24Z,BI Analyst,"sql, data visualization","800,000 - 1,200,000",2,True
Sr. Bi Analyst,dentsu,India,,,"The purpose of this role is to provide support for the collection, analysis, and dissemination of insights to our clients Job Description: Position: BI Analyst Experience: 5-8 Years Location: [Bangalore/Coimbatore/Pune/Mumbai] Employment Type: Full-Time Job Summary We are seeking a detail-oriented BI Analyst with 4 years of experience in Power BI and SQL. The ideal candidate should be capable of developing end-to-end dashboards, performing data analysis and validation, and transforming business…",2026-07-10T03:37:23Z,BI Analyst,"sql, power bi",Not disclosed,2,False
Data/Bi Analyst,Topcoder,"Noida, Ghaziabad",,,"The Data/BI Analyst will be responsible for exploring and understanding complex data models, maintaining existing data marts (DDPs), and creating new ones to support the marketing department’s analytical needs. This role requires a strong technical foundation in data warehousing and transformation, as well as a keen business sense to translate data into strategic recommendations. The ideal candidate will be a proactive problem solver with a passion for data quality and efficiency. Key Responsib…",2025-10-02T14:59:22Z,BI Analyst,,Not disclosed,0,False
Power Bi Analyst,Keyloop,"Hyderabad, Telangana",,,"Keyloop bridges the gap between dealers, manufacturers, technology suppliers and car buyers. We empower car dealers and manufacturers to fully embrace digital transformation. How? By creating innovative technology that makes selling cars better for our customers, and buying and owning cars better for theirs. We use cutting-edge technology to link our clients’ systems, departments and sites. We provide an open technology platform that’s shaping the industry for the future. We use data to help cl…",2026-06-05T02:45:09Z,BI Analyst,,Not disclosed,0,False
Specialist Bi Analyst,Incontact,"Pune, Maharashtra",,,"How will you make an impact Design, model and implement dashboards in Power BI Provide analytical and functional support Work effectively with a variety of stakeholders to ensure successful execution including R&D teams, product managers, IT, business operations etc. Write and maintain technical documentation Review and validate data End-to-end accountability for your domain including troubleshooting the reporting environment and training end users on new reports and dashboards Continually find…",2026-06-23T07:22:24Z,BI Analyst,power bi,Not disclosed,1,False
Senior Bi Analyst,Russell Investments,"Mumbai, Maharashtra",,,"Reporting To: Data Science and Engineering Manager Shift: EMEA (1:30 pm - 10:30 pm IST) (India) About Russell Investments, Mumbai: Russell Investments is a leading outsourced financial partner and global investment solutions firm providing a wide range of investment capabilities to institutional investors, financial intermediaries, and individual investors around the world. Building on an 90-year legacy of continuous innovation to deliver exceptional value to clients, Russell Investments works …",2026-07-06T03:19:27Z,BI Analyst,,Not disclosed,0,False
Reporting/Bi Analyst (Power Bi),Xoriant,"Pune, Maharashtra",,,"Job Description Job Title: Reporting/BI Analyst (Power BI) Role: FTE role Location: Pune (Hybrid) Experience: 5 to 8 years Job Description: Role Summary: Focuses on building and maintaining business critical reports and dashboards in Power BI using governed, analytics ready data models. Key Responsibilities: Build and maintain Power BI dashboards and reports Work closely with business stakeholders to gather and refine requirements Guide and challenge report designs and metric definitions Valida…",2026-04-10T05:29:40Z,BI Analyst,power bi,Not disclosed,1,False
Senior Financial Bi Analyst,Kaufman Rossin,India,,,"Why We Stand Out Seeking a new challenge where your professional and personal aspirations are not only possible but supported? Kaufman Rossin might be just the place for you! Kaufman Rossin Professional Services Private Limited’s (the “Company”) offices are located in the World Trade Center (WTC) in Bangalore, Karnataka, India, and at Udyog Vihar, in Gurgaon, Haryana, India. The Bangalore office provides a range of services, including risk management, corporate governance, tax, assurance, and f…",2026-03-13T15:31:25Z,BI Analyst,,Not disclosed,0,False
Specialist Bi Analyst (Power Bi),NICE,"Pune, Maharashtra",,,"How will you make an impact Design, model and implement dashboards in Power BI Provide analytical and functional support Work effectively with a variety of stakeholders to ensure successful execution including R&D teams, product managers, IT, business operations etc. Write and maintain technical documentation Review and validate data End-to-end accountability for your domain including troubleshooting the reporting environment and training end users on new reports and dashboards Continually find…",2026-07-19T07:22:23Z,BI Analyst,power bi,Not disclosed,1,False
Sr Power Bi Analyst,veralto,"Bangalore, Karnataka",,,"Key Responsibilities: Architect and deliver interactive Power BI dashboards that drive strategic insights across functions Lead semantic model design and optimization for scalable and high-performance reporting Apply advanced DAX for complex logic, layered analytics, and time-intelligence functions Integrate external and internal data sources using APIs, SQL, and Power Query, ensuring data reliability and governance Enable Power BI Copilot integration to improve report usability, automation, an…",2026-07-19T07:24:27Z,BI Analyst,"sql, power bi",Not disclosed,2,False
Power Bi Analyst/ Developer,Agilent Technologies,"Nsg Camp Manesar, Gurgaon",,,"Job Description Agilent inspires and supports discoveries that advance the quality of life. We provide life science, diagnostics and applied market laboratories worldwide with instruments, software, services, consumables and expertise. Agilent enables customers to gain the answers and insights they seek — so they can do what they do best: improve the world around us. This is an exciting opportunity to join Agilent’s Finance team within the Financial Planning and Analysis function. The team play…",2026-07-01T02:31:26Z,BI Analyst,,Not disclosed,0,False
"Bi Analyst, Strategy And Business Analytics",Aeries Technology,"Bangalore, Karnataka",,,"Job description Quickbase provides a cloud-based platform for creating business applications. The platform offers lowcode development, integration, and workflow orchestration. Quickbase also supports prototyping and application architecture Roles and Responsibility Quickbase s platform for Dynamic Work Management (the first ever) takes on Gray Work by bringing people, processes, and data together into one central location, so employees can stop chasing information across systems and focus on wo…",2026-07-12T07:17:57Z,BI Analyst,,Not disclosed,0,False
Senior Bi Analyst - Power Bi & Commercial Analytics,TE Connectivity,"Bangalore, Karnataka",,,"Senior BI Analyst - Power BI & Commercial Analytics Posting Start Date: 7/6/26 At TE, you will unleash your potential working with people from diverse backgrounds and industries to create a safer, sustainable and more connected world. Job Description: Job Overview About TE Connectivity & the Channel BU TE Connectivity is a global technology leader that designs and manufactures connectivity and sensor solutions, serving industries that are transforming the future. The Channel Business Unit (CBU)…",2026-07-08T10:42:36Z,BI Analyst,power bi,Not disclosed,1,False
"Senior Data & Bi Analyst (Ms Power Bi, Snowflake)",Franklin Templeton India,"Hyderabad, Telangana",,,"At Franklin Templeton, we’re driving our industry forward by developing new and innovative ways to help our clients achieve their investment goals. Our dynamic and diversified firm spans asset management, wealth management, and fintech, offering many ways to help investors make progress toward their goals. Our talented teams working around the globe bring expertise that’s both broad and unique. From our welcoming, inclusive, and flexible culture to our global and diverse business, we offer oppo…",2026-07-23T21:28:45Z,BI Analyst,,Not disclosed,0,False
Power Bi Analyst Â Edtech (Uae Market),learners point.org,"Bangalore, Karnataka",400000,960000,"Power BI Analyst – EdTech (UAE Market) Location: Bangalore (Onsite) Working Days: 5 Days Industry: EdTech – Professional Training & Certification Programs Market Focus: UAE About Us – Learners Point Learners Point Academy is a leading professional training institute in the UAE, empowering working professionals and organizations through globally recognised certification programs such as CMA, PMP, ACCA, CIA, and other corporate training solutions. With a strong presence in the UAE market, we …",2026-02-26T11:27:11Z,BI Analyst,power bi,"400,000 - 960,000",1,True
Senior Power Bi Analyst / Developer (Azure Cloud),TopGrep Tech Private Limited,"Bangalore, Karnataka",500000,600000,"Job Title: Role Overview We are seeking a high-performing Senior Power BI Analyst / Developer to design, build, and optimize our next-generation enterprise analytics platform. In this role, you will be the core architect of our data visualization layer, turning complex data streams into actionable executive insights. The ideal candidate bridges the gap between traditional business intelligence and modern cloud data engineering. You will be responsible for building highly performant, scalable da…",2026-07-18T15:13:10Z,BI Analyst,"power bi, data visualization","500,000 - 600,000",2,True
Tpm  Rgm Process & Bi Analyst-Associate-Bangalore,PricewaterhouseCoopers,India,,,"Industry/Sector Not Applicable Specialism Customer Management Level Associate Job Description & Summary The Opportunity Join our Acceleration Center India and help shape the future of business for our diverse client portfolio across geographies and jurisdictions. You’ll work at the heart of global teams across Advisory, Assurance, Tax and Business Services—solving real client challenges through connected collaboration. We’ll help you grow your skills so you can go further. With hands-on learnin…",2026-07-18T03:25:20Z,BI Analyst,,Not disclosed,0,False
Tpm  Rgm Process & Bi Analyst- Experienced Associate,PricewaterhouseCoopers,India,,,"Industry/Sector Not Applicable Specialism Customer Management Level Associate Job Description & Summary The Opportunity Join our Acceleration Center India and help shape the future of business for our diverse client portfolio across geographies and jurisdictions. You’ll work at the heart of global teams across Advisory, Assurance, Tax and Business Services—solving real client challenges through connected collaboration. We’ll help you grow your skills so you can go further. With hands-on learnin…",2026-07-18T03:26:17Z,BI Analyst,,Not disclosed,0,False
Bi Engineering Analyst,Accenture,India,,,"Skill required: Data Management - Microsoft Power Business Intelligence (BI) Designation: BI Engineering Analyst Qualifications: Any Graduation Years of Experience: 3-5 Years About Accenture Accenture is a global professional services company with leading capabilities in digital, cloud and security.Combining unmatched experience and specialized skills across more than 40 industries, we offer Strategy and Consulting, Technology and Operations services, and Accenture Song— all powered by the worl…",2026-06-20T03:04:53Z,BI Analyst,,Not disclosed,0,False
Bi - Data Analyst,Guidehouse,"Chennai, Tamil Nadu",,,"Develop and maintain SQL queries to extract and manipulate data from various databases. Create and manage Tableau dashboards and reports to visualize data insights. Analyze financial data to identify trends, patterns, and anomalies. Collaborate with cross-functional teams to understand data requirements and deliver actionable insights. Ensure data accuracy and integrity in all reporting and analysis. Provide support for ad-hoc data requests and projects. Qualifications: Bachelors degree in Data…",2026-06-11T06:53:30Z,BI Analyst,"sql, tableau",Not disclosed,2,False
Bi Data Analyst - Chn,Photon Group,India,,,"Description Location: Chennai Experience: 6 - 9 Years The Purpose of This Role You will be responsible for conducting consultative analytics and creating executive level recommendations for business partners and line finance. You will also provide a broad range of ad hoc analytical support as needed. The analyses and insights delivered are critical components to drive business planning and ongoing decision making. The Value You Deliver Providing analyses and strategic recommendations to team, m…",2026-04-03T02:09:44Z,BI Analyst,,Not disclosed,0,False
Business Analyst - Bi / Ai Analyst Builder / Data Modeler,Jobgether,India,,,"This position is listed on behalf of a partner company, who manages all applications and next steps. Our partner is looking for a Business Analyst - BI / AI Analyst Builder / Data Modeler based in India. This role offers the opportunity to work at the intersection of business analysis, data modeling, and emerging AI-driven analytics solutions. The position focuses on discovering, organizing, and transforming complex data sources into meaningful business insights. You will collaborate closely wi…",2026-07-25T03:17:53Z,BI Analyst,,Not disclosed,0,False
India - Senior Bi Data Analyst,ISS Group Holdings Limited,"Navi Mumbai, Maharashtra",,,"Who we are? At Inchcape Shipping Services, our vision is to create a connected world where customers can trade successfully and make informed decisions in every port, everywhere. We achieve this by combining our worldwide infrastructure with local expertise, through our global network of more than 250 proprietary offices and a team of over 3,000 dedicated professionals. Our diverse customer base includes owners and charterers in the oil, cruise, container, and bulk commodity sectors, as well as…",2026-07-17T03:32:44Z,BI Analyst,,Not disclosed,0,False
Senior Fp&A Bi System Analyst,Warner Bros,"Hyderabad, Telangana",,,"Welcome to Warner Bros. Discovery… the stuff dreams are made of. Who We Are… When we say, 'the stuff dreams are made of,' we're not just referring to the world of wizards, dragons and superheroes, or even to the wonders of Planet Earth. Behind WBD's vast portfolio of iconic content and beloved brands, are the storytellers bringing our characters to life, the creators bringing them to your living rooms and the dreamers creating what's next… From brilliant creatives, to technology trailblazers, a…",2026-07-01T07:14:40Z,BI Analyst,,Not disclosed,0,False
Bi Data Analyst / Specialist (Chn),Tech Smcsquared Gcc,"Bangalore, Karnataka",,,"Roles & Responsibilities Provide analyses and strategic recommendations to teams, management, and business partners. Synthesize complex datasets, analyses, and conclusions into self-service dashboards and presentations for senior management. Identify and implement opportunities to streamline processes and enhance team efficiency. Partner proactively with business and Finance teams to provide continuous analytical insights. Leverage business knowledge and tools to deliver reporting and analytics…",2026-07-02T07:18:35Z,BI Analyst,,Not disclosed,0,False
Junior Power Bi Developer/Analyst,TopGrep Tech Private Limited,"Bangalore, Karnataka",350000,450000,"Key Responsibilities Data Modeling & Power BI Development Design, develop, and maintain high-performance Power BI dashboards and reports. Build robust, scalable data models using advanced DAX (Data Analysis Expressions) to implement complex business logic, time-intelligence calculations Optimize existing reports and data models for speed, efficiency, and scalability. Advanced Data Extraction & Transformation Write, optimize, and debug complex SQL queries (including subqueries, CTEs, window func…",2026-07-18T15:13:10Z,BI Analyst,"sql, power bi","350,000 - 450,000",2,True
Senior Analyst-Bi,WPP Media,"Bangalore, Karnataka",,,"About WPP Media WPP is the trusted growth partner for the world’s leading brands. With exceptional talent, trusted data and intelligence, and world-class partnerships – all united by our pioneering agentic marketing platform, WPP Open – we help clients navigate change, capture opportunity, and deliver transformational growth. WPP Media is WPP's AI-driven media operating unit, bringing together media, data, and partnerships to deliver creative personalisation at scale. Connected through WPP Open…",2026-02-28T01:29:52Z,BI Analyst,,Not disclosed,0,False
Business Analyst - Bi,Calpion Software Technologies,"Bangalore, Karnataka",,,"Role Responsibilities : Elicit and document business requirements, workflows, and process maps Translate requirements into functional specs and wireframes Coordinate with tech teams for BI dashboards and analytics delivery Conduct UAT, validate deliverables, and support project planning Key Deliverables : Business requirement documents, user stories, and functional specifications Wireframes, mockups, personas, and analytical dashboard inputs Role-based, KPI-driven dashboards with drill-down cap…",2026-06-18T07:16:13Z,BI Analyst,,Not disclosed,0,False
Bi Engineering Senior Analyst,Accenture,"Bangalore, Karnataka",,,"Job Description About The Role Skill required: Data Management - Data Analytics Designation: BI Engineering Senior Analyst Qualifications: Any Graduation Years of Experience: 5 to 8 years Technology and Operations services, and Accenture Song all powered by the world's largest network of Advanced Technology and Intelligent Operations centers. What would you do Data AIData Management involves the process of collecting, storing, organizing, and maintaining data. It ensures that data is accurate, …",2026-05-16T05:48:43Z,BI Analyst,,Not disclosed,0,False
Bi Engineering Sr Analyst,Accenture,India,,,"Skill required: Data Management - React.js Designation: BI Engineering Sr Analyst Qualifications: Any Graduation,BTech Years of Experience: 5-7 Years About Accenture Accenture is a global professional services company with leading capabilities in digital, cloud and security.Combining unmatched experience and specialized skills across more than 40 industries, we offer Strategy and Consulting, Technology and Operations services, and Accenture Song— all powered by the world’s largest network of Ad…",2026-06-24T02:27:21Z,BI Analyst,,Not disclosed,0,False
"Senior Analyst,Bi & Reporting",Consilio,"Bangalore, Karnataka",,,"About the company Consilio stands as the global leader in eDiscovery, document review, flexible legal talent, and legal advisory & transformation consulting services. With its Consilio Complete suite of capabilities, the company empowers multinational law firms and corporations using innovative software, cost-effective managed services, and deep legal and regulatory industry expertise . Job Summary: As an important part of implementation and support, they will work as a member of Corporate Syst…",2026-07-23T10:44:22Z,BI Analyst,,Not disclosed,0,False
Data Insights And Business Intelligence (Bi) Visualization Analyst,State Street,"Bangalore, Karnataka",,,"Job Description We are looking for a self-motivated, energetic Reporting and Analytical professional to join our Global Human Resources (GHR) Workforce Analytics and Insights Team. The Analyst will support the continued evolution of the reporting function. The Analyst is responsible for providing timely and high-quality reporting and analysis on HR data that will help identify trends and provide guidance that will drive global business decisions. The Analyst will partner with the internal teams…",2026-07-15T03:13:40Z,BI Analyst,,Not disclosed,0,False
Analyst Power Bi,Novo Nordisk,"Bangalore, Karnataka",,,"As an Analyst Power BI in Business Intelligence COE team, Global Finance GBS team you will participate in financial system operational activities in Novo Nordisk with a close link to the Product Supply areas. Our aim in Corporate Finance is to be the best finance operation in the global pharma industry.Focus areas will be BI visualization and automation solutions which are used for financial reporting and business decisions. In this role, you will work as an integrated part of the BI and Analyt…",2026-06-19T07:21:08Z,BI Analyst,power bi,Not disclosed,1,False
Bi Developer,USEReady,"Bangalore, Karnataka",500000,1500000,"Sr BI Analyst / Lead BI Analyst Must Have: At least 3 to 6 years of techno functional / technical experience in delivering projects for Large Enterprises Strong background in data analysis, data sources, data warehouse and business intelligence Progressive experience in areas of ETL, Data Modelling, Data Visualization, Reporting and Analytics Familiarity with database concepts, SQL queries, joins and programming Experience in system administration, problem debugging, and solution design Formal …",2019-06-05T21:12:21Z,BI Analyst,"sql, data visualization","500,000 - 1,500,000",2,True
Bi Visualization & Reporting Analyst I,Bristol Myers Squibb,"Hyderabad, Telangana",,,"BMS Hyderabad is an integrated global hub where our work is focused on helping patients prevail over serious diseases by building sustainable and innovative solutions. This important science, technology, and innovation center will support a range of technology and drug development activities that will help us usher in the next wave of innovation. BI Visualization & Reporting Analyst I Summary: The Business Intelligence (BI) Visualization & Reporting Analyst position is a specialized role that f…",2025-03-01T03:37:18Z,BI Analyst,,Not disclosed,0,False
Power Bi Developer / Data Analyst,Kidde-Fenwal,India,,,"Power BI Developer / Data Analyst (Microsoft Fabric Platform) Hyderabad or Mumbai area, India About KiddeFenwal KiddeFenwal is a global leader in industrial and commercial fire suppression systems and safety controls. Through our trusted brands—Kidde Fire Systems and Kidde Fire Protection—we deliver certified fire detection, suppression, and control solutions across industrial, commercial, and marine sectors. Our Fenwal Controls business supports OEMs with gas ignition, temperature control, and…",2026-07-11T03:08:17Z,BI Analyst,power bi,Not disclosed,1,False
Senior Analyst - Bi And Ai Analitics,Greif,India,,,"Greif is a global leader in performance packaging located in 40 countries. The company delivers trusted, innovative, and tailored solutions that support some of the world's most in demand and fastest-growing industries. With a commitment to legendary customer service, operational excellence, and global sustainability, Greif packages life's essentials - and creates lasting value for its colleagues, customers, and other stakeholders. Learn more about the company's Customized Polymer , Sustainable…",2026-06-12T02:39:26Z,BI Analyst,excel,Not disclosed,1,False
Power Bi Developer(Data Analyst),Antal International,"Mumbai, Maharashtra",,,"Position: Data Analyst (Power BI Developer) Experience: 3 – 5 Years Description of position: We are seeking experienced BI Developer with a minimum of 3 years of relevant experience. The ideal candidate should possess strong hands-on expertise in developing, maintaining, and supporting Business Intelligence (BI) environments, with a solid understanding of data modeling, reporting, and dashboard development. Desired skills and experiences: 1. Strong hands-on experience across the Power BI ecosys…",2026-03-05T08:33:17Z,BI Analyst,power bi,Not disclosed,1,False
Power Bi Developer/ Data Analyst,GoHyre,"Bangalore, Karnataka",1500000,3000000,"Responsibilities: Ensure and own Data integrity across distributed systems. Extract, Transform and Load data from multiple systems for reporting into BI platform. Create Data Sets and Data models to build intelligence upon. Develop and own various integration tools and data points. Hands-on development and/or design within the project in order to maintain timelines. Work closely with the Project manager to deliver on business requirements OTIF (on time in full) Understand the cross-functional b…",2022-03-18T05:09:42Z,BI Analyst,,"1,500,000 - 3,000,000",0,True
Business Analyst (Power Bi),,"Bangalore, Karnataka",,,"Data Analyst/Business Analyst: Skills : Data factory & Power BI, Analytics Email:sumalatha.umnabadlotpick.com Location : Bangalore, Chennai",2024-05-10T07:38:35Z,BI Analyst,power bi,Not disclosed,1,False
Business Analyst- Power Bi,MNC,"Chennai, Tamil Nadu",,,"Job Description This is for Contract Role. Location: Remote. Mandatory : Business Analyst - Power BI. Notice Period: Immediate Joiners. Role & responsibilities Collaborate with business stakeholders to gather, document, and prioritize requirements for analytics solutions. Define the product vision, roadmap, and success metrics for data analytics initiatives. Translate business needs into clear functional requirements, user stories, and acceptance criteria. Partner with data engineering, BI, and…",2026-04-28T05:39:31Z,BI Analyst,power bi,Not disclosed,1,False
Data Analyst (Power Bi),Carbynetech,"Hyderabad, Telangana",800000,1500000,"Must Have 6 years of work experience in Power BI Hands on in Power BI & Power Tool Build Analysis Services reporting models. Develop visual reports, dashboards and KPI scorecards using Power BI desktop. Connect to data sources, importing data and transforming data for Business Intelligence. Analytical thinking for translating data into informative visuals and reports. Implement row level security on data and have an understanding of application security layer models in Power BI. Make DAX querie…",2020-09-20T02:07:56Z,BI Analyst,power bi,"800,000 - 1,500,000",1,True
Business Analyst Power Bi,Novo Nordisk,"Bangalore, Karnataka",,,"Department Commercial Analytics, Finance GBS Are you passionate about transforming complex data into visually compelling insightsDo you have a knack for creating interactive and meaningful dashboardsIf so, we have an exciting opportunity for you! Join our Commercial Analytics team in Finance GBS at Novo Nordisk and make a difference with your data visualization skills Read more and apply today for a life-changing career About The Department You will join our Commercial Analytics team within Fin…",2026-06-19T07:21:07Z,BI Analyst,data visualization,Not disclosed,1,False
Business Analyst (Power Bi),Mancraft Consulting,"Noida, Ghaziabad",,,"Job Description: Skills Requirement Typing Speed of at least 30 WPM and 90% accuracy Power BI Tableau Pivot Tables Data modeling Bulk data dumps Configuring background data Data management Create report layout as asked VBA - not necessary - would be helpful Soft skills (Minimum) Good written and verbal communication skills, with an ability to think and react to situations confidently Business Analyst background Must be assertive, persistent, and result-oriented, ability to work in a team enviro…",2026-05-13T01:58:16Z,BI Analyst,"tableau, power bi, communication",Not disclosed,3,False
